IMG_7188.JPG, 2
IMG_6063.JPG, 6
IMG_4727.JPG, 9
PXL_20220307_215216376.jpg, 1
PXL_20220307_214151042.jpg, 9
IMG_5932.JPG, 3
IMG_2809.JPG, 10
IMG_7718.JPG, 10
PXL_20220309_223305966.jpg, 1
IMG_4751.JPG, 5
IMG_6410.JPG, 8
IMG_6104.JPG, 6
IMG_2982.JPG, 9
IMG_6744.JPG, 4
IMG_8039.JPG, 2
IMG_8932.JPG, 0
IMG_5470.JPG, 9
IMG_6476.JPG, 5
IMG_6900.JPG, 8
IMG_7715.JPG, 10
IMG_2378.JPG, 0
IMG_6094.JPG, 6
PXL_20220309_221443973.jpg, 3
IMG_2936.JPG, 7
IMG_6970.JPG, 5
IMG_3900.JPG, 1
IMG_3856.JPG, 5
IMG_7874.JPG, 0
IMG_3002.JPG, 9
IMG_2524.JPG, 8
IMG_6617.JPG, 6
IMG_3442.JPG, 2
IMG_8410.JPG, 0
IMG_4939.JPG, 10
IMG_5061.JPG, 6
IMG_6575.JPG, 1
IMG_4068.JPG, 7
IMG_4867.JPG, 6
IMG_2536.JPG, 5
IMG_6877.JPG, 9
IMG_6964.JPG, 5
IMG_2592.JPG, 3
IMG_6364.JPG, 9
IMG_7041.JPG, 1
PXL_20220309_222911216.MP.jpg, 2
IMG_3986.JPG, 0
IMG_8910.JPG, 0
IMG_5048.JPG, 1
IMG_3395.JPG, 10
IMG_8229.JPG, 0
IMG_4825.JPG, 1
IMG_3881.JPG, 5
IMG_5440.JPG, 9
IMG_2456.JPG, 9
IMG_6169.JPG, 2
PXL_20220309_221807142.MP.jpg, 4
IMG_5960.JPG, 5
IMG_6632.JPG, 10
IMG_6451.JPG, 3
IMG_2791.JPG, 10
IMG_3601.JPG, 7
IMG_3361.JPG, 6
IMG_5533.JPG, 0
IMG_7895.JPG, 0
IMG_7927.JPG, 4
IMG_7363.JPG, 9
IMG_8294.JPG, 0
IMG_6910.JPG, 8
IMG_5477.JPG, 7
IMG_4982.JPG, 8
IMG_5108.JPG, 10
IMG_2968.JPG, 7
IMG_4938.JPG, 10
IMG_6089.JPG, 6
IMG_3310.JPG, 6
IMG_5532.JPG, 0
IMG_8514.JPG, 2
IMG_2352.JPG, 4
IMG_7890.JPG, 0
IMG_8458.JPG, 0
IMG_5190.JPG, 8
IMG_3321.JPG, 6
IMG_5573.JPG, 0
IMG_2513.JPG, 8
IMG_7646.JPG, 8
IMG_8084.JPG, 5
IMG_6351.JPG, 9
IMG_3813.JPG, 3
IMG_7984.JPG, 5
IMG_3834.JPG, 3
IMG_6411.JPG, 8
IMG_5970.JPG, 5
IMG_5298.JPG, 1
IMG_7374.JPG, 9
IMG_3311.JPG, 6
IMG_4048.JPG, 7
IMG_6911.JPG, 8
IMG_7658.JPG, 8
IMG_6048.JPG, 1
IMG_7475.JPG, 2
IMG_4862.JPG, 6
IMG_6244.JPG, 4
IMG_3794.JPG, 3
IMG_7121.JPG, 6
IMG_6844.JPG, 9
IMG_7373.JPG, 9
IMG_3551.JPG, 4
IMG_2467.JPG, 9
IMG_4506.JPG, 8
IMG_6935.JPG, 5
PXL_20220307_215545450.jpg, 6
IMG_5940.JPG, 3
IMG_6470.JPG, 3
IMG_4837.JPG, 1
PXL_20220309_223252059.jpg, 1
IMG_8896.JPG, 0
IMG_5125.JPG, 10
IMG_4919.JPG, 10
IMG_2497.JPG, 8
IMG_7470.JPG, 2
IMG_4540.JPG, 8
IMG_6793.JPG, 7
PXL_20220309_221650471.MP.jpg, 9
IMG_5785.JPG, 7
IMG_5204.JPG, 8
PXL_20220310_223732994.jpg, 2
IMG_3499.JPG, 2
IMG_6657.JPG, 10
IMG_3128.JPG, 3
IMG_5943.JPG, 3
IMG_4945.JPG, 10
PXL_20220307_213813641.jpg, 8
IMG_8321.JPG, 0
PXL_20220310_222930947.jpg, 0
IMG_7552.JPG, 0
IMG_7310.JPG, 7
IMG_6641.JPG, 10
IMG_6848.JPG, 9
IMG_2942.JPG, 7
IMG_2403.JPG, 0
IMG_5460.JPG, 9
IMG_8938.JPG, 0
IMG_5994.JPG, 5
IMG_3754.JPG, 8
IMG_4725.JPG, 9
IMG_6972.JPG, 5
IMG_5832.JPG, 9
IMG_4840.JPG, 1
IMG_5028.JPG, 1
IMG_6276.JPG, 7
IMG_5308.JPG, 1
PXL_20220307_215855799.jpg, 2
IMG_2826.JPG, 2
IMG_7097.JPG, 6
IMG_6196.JPG, 2
IMG_4588.JPG, 3
IMG_5494.JPG, 7
IMG_2989.JPG, 9
IMG_3139.JPG, 3
IMG_8214.JPG, 0
IMG_7408.JPG, 6
IMG_3963.JPG, 4
IMG_7623.JPG, 8
IMG_7208.JPG, 2
IMG_3860.JPG, 5
IMG_4517.JPG, 8
PXL_20220307_214020375.MP.jpg, 3
IMG_5383.JPG, 10
IMG_7396.JPG, 9
IMG_5948.JPG, 3
IMG_4516.JPG, 8
IMG_4831.JPG, 1
IMG_6769.JPG, 4
IMG_7621.JPG, 8
IMG_4932.JPG, 10
IMG_6626.JPG, 10
IMG_8264.JPG, 3
IMG_5218.JPG, 8
IMG_7558.JPG, 0
IMG_6998.JPG, 3
IMG_7228.JPG, 2
IMG_2544.JPG, 5
IMG_8340.JPG, 0
IMG_5513.JPG, 7
IMG_8175.JPG, 0
IMG_7932.JPG, 4
IMG_4782.JPG, 5
IMG_8915.JPG, 0
IMG_2790.JPG, 10
IMG_5288.JPG, 1
IMG_3818.JPG, 3
IMG_6991.JPG, 3
IMG_4649.JPG, 7
IMG_7585.JPG, 9
IMG_7117.JPG, 6
IMG_3005.JPG, 9
IMG_6366.JPG, 9
IMG_2404.JPG, 0
IMG_7128.JPG, 6
IMG_6268.JPG, 4
PXL_20220307_214437213.jpg, 4
IMG_3546.JPG, 4
IMG_8941.JPG, 0
IMG_3319.JPG, 6
IMG_6122.JPG, 10
IMG_5231.JPG, 5
IMG_5770.JPG, 7
IMG_6309.JPG, 7
IMG_6786.JPG, 7
IMG_2543.JPG, 5
PXL_20220310_222437648.MP.jpg, 9
IMG_6721.JPG, 2
IMG_8912.JPG, 0
IMG_4001.JPG, 0
IMG_4044.JPG, 7
IMG_5820.JPG, 9
PXL_20220307_214010748.jpg, 3
IMG_3179.JPG, 5
IMG_6620.JPG, 6
IMG_6864.JPG, 9
IMG_8435.JPG, 0
IMG_7173.JPG, 10
PXL_20220310_223836983.jpg, 2
IMG_5502.JPG, 7
PXL_20220309_222747860.jpg, 10
IMG_6977.JPG, 5
IMG_8441.JPG, 0
IMG_7667.JPG, 1
IMG_7785.JPG, 2
IMG_3538.JPG, 4
IMG_8126.JPG, 3
IMG_5934.JPG, 3
IMG_6710.JPG, 2
IMG_5352.JPG, 6
IMG_5118.JPG, 10
IMG_4665.JPG, 7
IMG_4793.JPG, 5
IMG_2852.JPG, 2
IMG_3993.JPG, 0
IMG_2555.JPG, 5
IMG_3474.JPG, 2
PXL_20220309_223306848.jpg, 1
IMG_4978.JPG, 8
IMG_2913.JPG, 4
IMG_3679.JPG, 9
IMG_5444.JPG, 9
PXL_20220310_224252396.jpg, 1
IMG_3328.JPG, 6
IMG_3847.JPG, 5
IMG_7629.JPG, 8
IMG_8118.JPG, 5
IMG_6954.JPG, 5
IMG_6687.JPG, 2
IMG_4515.JPG, 8
IMG_7062.JPG, 1
IMG_4035.JPG, 0
IMG_2371.JPG, 4
PXL_20220309_222710706.jpg, 10
IMG_3989.JPG, 0
IMG_7559.JPG, 0
IMG_7599.JPG, 9
IMG_3453.JPG, 2
IMG_6987.JPG, 3
IMG_6686.JPG, 2
IMG_5243.JPG, 5
IMG_7608.JPG, 9
IMG_4063.JPG, 7
IMG_7578.JPG, 9
IMG_6326.JPG, 9
PXL_20220309_222902124.jpg, 2
IMG_5338.JPG, 6
IMG_5946.JPG, 3
PXL_20220309_223334684.MP.jpg, 1
IMG_4033.JPG, 0
PXL_20220310_223007089.jpg, 0
IMG_5956.JPG, 5
IMG_5279.JPG, 1
IMG_5436.JPG, 9
IMG_8311.JPG, 0
IMG_6193.JPG, 2
PXL_20220310_223023963.MP.jpg, 4
PXL_20220310_222411770.MP.jpg, 3
IMG_3004.JPG, 9
IMG_2851.JPG, 2
PXL_20220307_214115659.jpg, 9
IMG_8506.JPG, 2
IMG_6599.JPG, 6
IMG_5262.JPG, 5
IMG_3351.JPG, 6
IMG_6690.JPG, 2
IMG_6178.JPG, 2
IMG_6453.JPG, 3
IMG_8201.JPG, 0
PXL_20220307_213754369.jpg, 8
PXL_20220307_215751610.jpg, 2
IMG_6304.JPG, 7
IMG_4749.JPG, 5
IMG_8477.JPG, 0
IMG_6950.JPG, 5
IMG_4501.JPG, 8
IMG_8309.JPG, 0
IMG_4877.JPG, 6
IMG_8304.JPG, 0
IMG_3671.JPG, 9
PXL_20220310_222334437.jpg, 3
IMG_3459.JPG, 2
PXL_20220307_214500470.jpg, 0
IMG_8909.JPG, 0
IMG_7304.JPG, 7
IMG_8303.JPG, 0
IMG_3845.JPG, 5
IMG_2460.JPG, 9
IMG_6609.JPG, 6
PXL_20220310_222132774.jpg, 5
IMG_5034.JPG, 1
IMG_2877.JPG, 4
IMG_5141.JPG, 10
PXL_20220310_223555127.jpg, 6
IMG_6258.JPG, 4
IMG_3854.JPG, 5
IMG_2951.JPG, 7
IMG_4752.JPG, 5
IMG_8284.JPG, 3
IMG_8250.JPG, 3
IMG_2634.JPG, 1
IMG_4645.JPG, 7
IMG_3171.JPG, 3
IMG_3477.JPG, 2
IMG_8456.JPG, 0
IMG_3524.JPG, 2
IMG_3226.JPG, 5
IMG_6312.JPG, 7
IMG_2977.JPG, 9
IMG_3400.JPG, 10
IMG_2900.JPG, 4
PXL_20220309_221930577.jpg, 7
IMG_7950.JPG, 4
IMG_2621.JPG, 3
IMG_8259.JPG, 3
IMG_6800.JPG, 7
IMG_6087.JPG, 6
IMG_6740.JPG, 4
IMG_6500.JPG, 5
IMG_6680.JPG, 2
PXL_20220310_222133639.jpg, 5
IMG_3473.JPG, 2
IMG_5356.JPG, 6
PXL_20220309_222119818.MP.jpg, 0
PXL_20220310_224159603.jpg, 1
PXL_20220310_222646834.MP.jpg, 4
IMG_6837.JPG, 9
IMG_6962.JPG, 5
IMG_7300.JPG, 7
IMG_8462.JPG, 0
IMG_6184.JPG, 2
PXL_20220307_215403982.jpg, 6
IMG_6250.JPG, 4
IMG_4066.JPG, 7
IMG_7177.JPG, 10
IMG_8895.JPG, 0
IMG_7077.JPG, 1
IMG_5407.JPG, 10
IMG_5914.JPG, 3
IMG_3033.JPG, 8
PXL_20220310_223819050.jpg, 2
IMG_7545.JPG, 0
IMG_5182.JPG, 8
IMG_2813.JPG, 10
IMG_7222.JPG, 2
IMG_7471.JPG, 2
IMG_6387.JPG, 8
IMG_5170.JPG, 8
IMG_5023.JPG, 1
IMG_5242.JPG, 5
IMG_2820.JPG, 10
IMG_2375.JPG, 0
IMG_3159.JPG, 3
IMG_3238.JPG, 1
PXL_20220309_222605678.jpg, 10
IMG_7403.JPG, 6
IMG_8125.JPG, 3
IMG_6809.JPG, 7
IMG_8185.JPG, 0
IMG_3914.JPG, 1
IMG_6581.JPG, 6
IMG_2858.JPG, 2
IMG_5377.JPG, 10
PXL_20220309_222827438.jpg, 6
IMG_6197.JPG, 2
IMG_6348.JPG, 9
IMG_5883.JPG, 8
IMG_4969.JPG, 8
IMG_4889.JPG, 6
IMG_3218.JPG, 5
PXL_20220310_222710211.MP.jpg, 4
PXL_20220309_221701058.jpg, 9
IMG_7737.JPG, 10
IMG_3764.JPG, 8
IMG_2970.JPG, 7
IMG_7347.JPG, 9
IMG_3521.JPG, 2
IMG_4530.JPG, 8
IMG_8282.JPG, 3
IMG_3324.JPG, 6
IMG_5898.JPG, 8
IMG_2965.JPG, 7
IMG_5805.JPG, 9
IMG_3412.JPG, 10
PXL_20220310_222548652.MP.jpg, 9
IMG_3330.JPG, 6
IMG_4842.JPG, 1
IMG_7784.JPG, 2
IMG_6228.JPG, 4
IMG_3559.JPG, 4
IMG_7887.JPG, 0
IMG_4873.JPG, 6
PXL_20220307_213802305.jpg, 8
IMG_5411.JPG, 10
IMG_6081.JPG, 6
PXL_20220307_213825980.jpg, 8
IMG_3296.JPG, 6
IMG_8512.JPG, 2
IMG_2828.JPG, 2
IMG_2799.JPG, 10
IMG_6795.JPG, 7
IMG_5396.JPG, 10
IMG_7707.JPG, 1
IMG_5295.JPG, 1
IMG_6032.JPG, 1
IMG_2444.JPG, 7
IMG_4061.JPG, 7
IMG_5095.JPG, 6
IMG_5419.JPG, 10
IMG_3999.JPG, 0
IMG_4527.JPG, 8
IMG_6285.JPG, 7
IMG_6073.JPG, 6
IMG_2557.JPG, 5
IMG_8322.JPG, 0
IMG_6823.JPG, 7
IMG_6805.JPG, 7
IMG_6824.JPG, 7
IMG_7324.JPG, 7
IMG_3985.JPG, 4
IMG_8176.JPG, 0
IMG_5815.JPG, 9
IMG_6051.JPG, 1
IMG_3790.JPG, 3
IMG_7769.JPG, 2
IMG_5555.JPG, 0
IMG_8182.JPG, 0
IMG_3126.JPG, 3
IMG_7184.JPG, 2
IMG_7892.JPG, 0
IMG_5399.JPG, 10
IMG_4863.JPG, 6
IMG_5479.JPG, 7
IMG_6126.JPG, 10
IMG_4650.JPG, 7
IMG_3836.JPG, 5
IMG_2995.JPG, 9
IMG_4966.JPG, 8
IMG_2997.JPG, 9
IMG_5851.JPG, 9
IMG_4994.JPG, 8
IMG_5860.JPG, 8
IMG_7730.JPG, 10
IMG_6254.JPG, 4
IMG_2844.JPG, 2
PXL_20220309_221751760.jpg, 7
IMG_6873.JPG, 9
IMG_6280.JPG, 7
IMG_6518.JPG, 5
IMG_3877.JPG, 5
IMG_4729.JPG, 9
IMG_6654.JPG, 10
IMG_7963.JPG, 4
IMG_3262.JPG, 1
IMG_5015.JPG, 1
IMG_6708.JPG, 2
IMG_7465.JPG, 2
IMG_5212.JPG, 8
IMG_3313.JPG, 6
IMG_8933.JPG, 0
IMG_5128.JPG, 10
IMG_3178.JPG, 5
IMG_6909.JPG, 8
IMG_8503.JPG, 2
IMG_5783.JPG, 7
PXL_20220310_222447318.jpg, 9
IMG_6702.JPG, 2
IMG_4890.JPG, 6
IMG_6895.JPG, 8
IMG_7983.JPG, 5
IMG_6301.JPG, 7
IMG_7567.JPG, 9
PXL_20220310_222606603.jpg, 9
IMG_7941.JPG, 4
IMG_5780.JPG, 7
IMG_8488.JPG, 0
IMG_7146.JPG, 10
IMG_4511.JPG, 8
IMG_5322.JPG, 1
IMG_3200.JPG, 5
IMG_5382.JPG, 10
IMG_2787.JPG, 10
IMG_5501.JPG, 7
IMG_4706.JPG, 9
IMG_3646.JPG, 9
IMG_6714.JPG, 2
IMG_6021.JPG, 1
IMG_3670.JPG, 9
IMG_3446.JPG, 2
IMG_8532.JPG, 2
IMG_2703.JPG, 6
IMG_6290.JPG, 7
IMG_6129.JPG, 10
IMG_8210.JPG, 0
IMG_4900.JPG, 10
IMG_6347.JPG, 9
IMG_8528.JPG, 2
IMG_4733.JPG, 9
IMG_8440.JPG, 0
IMG_6033.JPG, 1
IMG_7977.JPG, 5
IMG_5979.JPG, 5
IMG_4993.JPG, 8
IMG_4582.JPG, 3
PXL_20220310_224128421.jpg, 1
IMG_7148.JPG, 10
IMG_7897.JPG, 0
IMG_2677.JPG, 6
IMG_4070.JPG, 7
PXL_20220309_221915280.MP.jpg, 7
IMG_6803.JPG, 7
IMG_5193.JPG, 8
IMG_8530.JPG, 2
IMG_3368.JPG, 10
IMG_2637.JPG, 1
IMG_8494.JPG, 0
IMG_7158.JPG, 10
IMG_7894.JPG, 0
IMG_7579.JPG, 9
PXL_20220309_222552545.jpg, 6
IMG_6136.JPG, 10
IMG_6542.JPG, 1
IMG_6176.JPG, 2
IMG_5025.JPG, 1
IMG_5120.JPG, 10
IMG_2525.JPG, 8
IMG_7594.JPG, 9
IMG_2490.JPG, 9
IMG_7884.JPG, 0
IMG_7881.JPG, 0
PXL_20220309_222737845.MP.jpg, 6
PXL_20220310_222118299.jpg, 5
IMG_4790.JPG, 5
IMG_6976.JPG, 5
IMG_6532.JPG, 1
IMG_8485.JPG, 0
IMG_2674.JPG, 6
IMG_8327.JPG, 0
IMG_3433.JPG, 10
IMG_3852.JPG, 5
PXL_20220307_214042822.jpg, 3
IMG_2599.JPG, 3
IMG_8452.JPG, 0
IMG_8461.JPG, 0
IMG_7409.JPG, 6
IMG_8459.JPG, 0
IMG_2991.JPG, 9
IMG_5566.JPG, 0
IMG_6373.JPG, 9
IMG_6594.JPG, 6
IMG_7713.JPG, 1
IMG_8257.JPG, 3
IMG_3806.JPG, 3
IMG_6952.JPG, 5
PXL_20220309_221818316.jpg, 7
IMG_3918.JPG, 1
IMG_6249.JPG, 4
IMG_4830.JPG, 1
IMG_2380.JPG, 0
IMG_8174.JPG, 0
PXL_20220310_222240716.jpg, 3
IMG_5114.JPG, 10
IMG_3952.JPG, 4
IMG_5074.JPG, 6
IMG_3888.JPG, 1
IMG_7479.JPG, 2
IMG_5401.JPG, 10
IMG_5557.JPG, 0
IMG_2509.JPG, 8
IMG_6550.JPG, 1
IMG_6635.JPG, 10
IMG_5997.JPG, 5
IMG_7358.JPG, 9
IMG_7611.JPG, 9
IMG_8287.JPG, 3
IMG_2659.JPG, 1
IMG_6393.JPG, 8
IMG_4905.JPG, 10
IMG_5488.JPG, 7
IMG_7024.JPG, 3
IMG_6688.JPG, 2
IMG_5060.JPG, 6
IMG_4931.JPG, 10
IMG_2898.JPG, 4
IMG_5913.JPG, 3
IMG_3374.JPG, 10
IMG_3422.JPG, 10
IMG_5038.JPG, 1
IMG_3990.JPG, 0
IMG_3389.JPG, 10
IMG_5995.JPG, 5
IMG_2800.JPG, 10
IMG_4778.JPG, 5
PXL_20220309_221009990.jpg, 5
IMG_6404.JPG, 8
IMG_8917.JPG, 0
IMG_5910.JPG, 3
IMG_3239.JPG, 1
IMG_6563.JPG, 1
IMG_7369.JPG, 9
IMG_8354.JPG, 4
IMG_4654.JPG, 7
IMG_5565.JPG, 0
IMG_5180.JPG, 8
IMG_3277.JPG, 1
IMG_5283.JPG, 1
IMG_6426.JPG, 3
IMG_5973.JPG, 5
IMG_4661.JPG, 7
IMG_3786.JPG, 3
IMG_7978.JPG, 5
IMG_2612.JPG, 3
IMG_3152.JPG, 3
IMG_3276.JPG, 1
IMG_6105.JPG, 10
IMG_8097.JPG, 5
IMG_4500.JPG, 8
IMG_2664.JPG, 6
IMG_8285.JPG, 3
IMG_6339.JPG, 9
IMG_8275.JPG, 3
IMG_6319.JPG, 7
IMG_8531.JPG, 2
IMG_2793.JPG, 10
IMG_6147.JPG, 10
IMG_6997.JPG, 3
IMG_3299.JPG, 6
IMG_7166.JPG, 10
IMG_8292.JPG, 3
IMG_3941.JPG, 4
IMG_3955.JPG, 4
IMG_7065.JPG, 1
IMG_5086.JPG, 6
IMG_7220.JPG, 2
IMG_6930.JPG, 8
IMG_7683.JPG, 1
IMG_4678.JPG, 7
IMG_8904.JPG, 0
PXL_20220309_220954074.jpg, 5
IMG_7739.JPG, 10
IMG_2597.JPG, 3
IMG_3687.JPG, 9
IMG_5210.JPG, 8
IMG_3873.JPG, 5
IMG_7076.JPG, 1
IMG_8931.JPG, 0
IMG_6144.JPG, 10
IMG_6442.JPG, 3
IMG_6483.JPG, 5
IMG_8007.JPG, 5
IMG_7332.JPG, 7
IMG_2708.JPG, 6
IMG_2412.JPG, 0
IMG_4043.JPG, 7
IMG_8059.JPG, 2
IMG_3386.JPG, 10
IMG_3318.JPG, 6
IMG_8445.JPG, 0
IMG_6684.JPG, 2
IMG_3622.JPG, 7
IMG_8258.JPG, 3
IMG_3398.JPG, 10
IMG_7191.JPG, 2
IMG_6651.JPG, 10
IMG_5301.JPG, 1
PXL_20220310_222803925.MP.jpg, 7
IMG_5380.JPG, 10
IMG_6109.JPG, 10
IMG_3547.JPG, 4
IMG_2379.JPG, 0
IMG_3756.JPG, 8
IMG_3831.JPG, 3
IMG_6124.JPG, 10
IMG_3676.JPG, 9
PXL_20220309_222444596.jpg, 10
IMG_2470.JPG, 9
IMG_6669.JPG, 10
PXL_20220307_213953109.jpg, 3
IMG_6914.JPG, 8
IMG_2614.JPG, 3
IMG_6068.JPG, 6
IMG_2628.JPG, 3
IMG_5865.JPG, 8
IMG_6482.JPG, 5
IMG_5250.JPG, 5
IMG_8295.JPG, 0
IMG_2806.JPG, 10
IMG_3460.JPG, 2
IMG_4812.JPG, 1
IMG_3891.JPG, 1
IMG_8919.JPG, 0
IMG_2903.JPG, 4
IMG_2635.JPG, 1
IMG_2669.JPG, 6
IMG_8187.JPG, 0
IMG_5505.JPG, 7
IMG_5373.JPG, 6
IMG_7007.JPG, 3
IMG_7145.JPG, 10
PXL_20220309_221737983.jpg, 9
IMG_7968.JPG, 5
IMG_3734.JPG, 8
IMG_6113.JPG, 10
IMG_6359.JPG, 9
IMG_7362.JPG, 9
IMG_2915.JPG, 4
IMG_6993.JPG, 3
IMG_6371.JPG, 9
IMG_3663.JPG, 9
PXL_20220310_223753337.jpg, 2
IMG_6199.JPG, 2
IMG_8478.JPG, 0
IMG_2804.JPG, 10
IMG_3177.JPG, 5
IMG_3272.JPG, 1
IMG_5463.JPG, 9
IMG_6345.JPG, 9
IMG_3879.JPG, 5
IMG_7325.JPG, 7
IMG_6321.JPG, 7
IMG_2542.JPG, 5
IMG_3031.JPG, 8
IMG_6883.JPG, 8
IMG_8128.JPG, 3
PXL_20220310_222106793.MP.jpg, 5
IMG_4879.JPG, 6
PXL_20220309_221046746.jpg, 5
IMG_3598.JPG, 7
IMG_3558.JPG, 4
IMG_7620.JPG, 8
IMG_3216.JPG, 5
IMG_3884.JPG, 5
IMG_3448.JPG, 2
PXL_20220310_222746102.MP.jpg, 7
IMG_5348.JPG, 6
PXL_20220309_220956944.jpg, 5
IMG_6640.JPG, 10
IMG_6043.JPG, 1
PXL_20220309_221914501.jpg, 7
IMG_4034.JPG, 0
IMG_7199.JPG, 2
IMG_2357.JPG, 4
IMG_8415.JPG, 0
IMG_4962.JPG, 8
IMG_3397.JPG, 10
IMG_3143.JPG, 3
IMG_3616.JPG, 7
PXL_20220309_221710558.jpg, 9
IMG_3793.JPG, 3
IMG_8416.JPG, 0
IMG_7675.JPG, 1
IMG_3417.JPG, 10
PXL_20220309_221956406.jpg, 7
IMG_3612.JPG, 7
PXL_20220307_215135157.jpg, 1
IMG_3020.JPG, 8
IMG_6303.JPG, 7
IMG_5903.JPG, 8
IMG_8464.JPG, 0
PXL_20220310_222529150.MP.jpg, 9
IMG_4507.JPG, 8
IMG_5281.JPG, 1
IMG_7613.JPG, 9
PXL_20220309_221802784.jpg, 7
IMG_3475.JPG, 2
IMG_7907.JPG, 0
IMG_3797.JPG, 3
IMG_3496.JPG, 2
IMG_8338.JPG, 0
IMG_4054.JPG, 7
IMG_5027.JPG, 1
IMG_5016.JPG, 1
IMG_7085.JPG, 6
IMG_8496.JPG, 0
IMG_7759.JPG, 10
PXL_20220310_223341798.jpg, 10
IMG_6307.JPG, 7
IMG_3769.JPG, 8
IMG_7993.JPG, 5
IMG_5493.JPG, 7
IMG_3176.JPG, 5
IMG_4695.JPG, 9
PXL_20220307_214643403.jpg, 0
IMG_4058.JPG, 7
IMG_3556.JPG, 4
IMG_4011.JPG, 0
IMG_5384.JPG, 10
IMG_2698.JPG, 6
IMG_5007.JPG, 1
IMG_6732.JPG, 4
IMG_6628.JPG, 10
IMG_5232.JPG, 5
PXL_20220307_214541981.jpg, 0
IMG_2528.JPG, 8
IMG_2417.JPG, 7
IMG_7735.JPG, 10
IMG_5171.JPG, 8
IMG_8300.JPG, 0
PXL_20220307_214329856.jpg, 7
IMG_3956.JPG, 4
IMG_5035.JPG, 1
IMG_2944.JPG, 7
IMG_7666.JPG, 1
IMG_6750.JPG, 4
IMG_8451.JPG, 0
IMG_2840.JPG, 2
IMG_7377.JPG, 9
IMG_5178.JPG, 8
IMG_7069.JPG, 1
IMG_7888.JPG, 0
IMG_7421.JPG, 6
IMG_2439.JPG, 7
IMG_6382.JPG, 8
IMG_8493.JPG, 0
IMG_4557.JPG, 3
IMG_5179.JPG, 8
IMG_3645.JPG, 9
IMG_5254.JPG, 5
IMG_5503.JPG, 7
IMG_4024.JPG, 0
IMG_4535.JPG, 8
IMG_7100.JPG, 6
IMG_8360.JPG, 4
IMG_7073.JPG, 1
IMG_2475.JPG, 9
IMG_2955.JPG, 7
IMG_6177.JPG, 2
IMG_7659.JPG, 8
IMG_6927.JPG, 8
IMG_6310.JPG, 7
IMG_6798.JPG, 7
IMG_7229.JPG, 2
IMG_8260.JPG, 3
IMG_5130.JPG, 10
IMG_6931.JPG, 5
IMG_6106.JPG, 10
IMG_3783.JPG, 8
IMG_2979.JPG, 9
IMG_6881.JPG, 8
IMG_7380.JPG, 9
IMG_6406.JPG, 8
IMG_8306.JPG, 0
IMG_4803.JPG, 1
IMG_3421.JPG, 10
IMG_3592.JPG, 7
IMG_4850.JPG, 6
IMG_6780.JPG, 7
IMG_6296.JPG, 7
PXL_20220309_221946639.MP.jpg, 7
IMG_5888.JPG, 8
IMG_8110.JPG, 5
IMG_6814.JPG, 7
IMG_8450.JPG, 0
IMG_7437.JPG, 6
IMG_8406.JPG, 0
IMG_3461.JPG, 2
IMG_3371.JPG, 10
IMG_7584.JPG, 9
IMG_7745.JPG, 10
IMG_3561.JPG, 4
PXL_20220309_221237228.jpg, 8
IMG_3820.JPG, 3
PXL_20220309_222005069.jpg, 7
PXL_20220309_223343575.jpg, 1
IMG_3624.JPG, 7
IMG_5335.JPG, 6
IMG_3771.JPG, 8
IMG_6543.JPG, 1
PXL_20220310_222529988.jpg, 9
IMG_4841.JPG, 1
IMG_6857.JPG, 9
IMG_6037.JPG, 1
IMG_5453.JPG, 9
IMG_4728.JPG, 9
PXL_20220310_223417560.MP.jpg, 10
PXL_20220309_221737148.jpg, 9
IMG_6297.JPG, 7
IMG_2901.JPG, 4
IMG_6792.JPG, 7
PXL_20220309_221306532.jpg, 8
IMG_3605.JPG, 7
PXL_20220309_222734173.jpg, 10
IMG_5326.JPG, 6
IMG_2445.JPG, 7
IMG_3940.JPG, 4
IMG_2684.JPG, 6
IMG_5546.JPG, 0
IMG_4981.JPG, 8
IMG_3965.JPG, 4
IMG_8520.JPG, 2
IMG_7458.JPG, 2
IMG_2383.JPG, 0
IMG_8320.JPG, 0
IMG_6555.JPG, 1
PXL_20220310_223506094.jpg, 6
IMG_6982.JPG, 3
IMG_7331.JPG, 7
IMG_5918.JPG, 3
IMG_8224.JPG, 0
IMG_6693.JPG, 2
PXL_20220310_222903798.jpg, 0
IMG_6637.JPG, 10
IMG_7602.JPG, 9
IMG_4521.JPG, 8
IMG_8468.JPG, 0
IMG_7072.JPG, 1
IMG_8535.JPG, 2
IMG_6141.JPG, 10
IMG_8181.JPG, 0
IMG_8216.JPG, 0
IMG_6700.JPG, 2
IMG_5454.JPG, 9
IMG_5504.JPG, 7
IMG_6566.JPG, 1
IMG_5304.JPG, 1
IMG_6125.JPG, 10
IMG_5420.JPG, 10
IMG_6504.JPG, 5
IMG_6240.JPG, 4
PXL_20220310_223112421.jpg, 4
PXL_20220310_222728150.jpg, 7
IMG_6135.JPG, 10
IMG_8328.JPG, 0
IMG_6149.JPG, 10
IMG_3464.JPG, 2
PXL_20220310_223442029.jpg, 6
IMG_3132.JPG, 3
IMG_6362.JPG, 9
IMG_5568.JPG, 0
IMG_2516.JPG, 8
IMG_3444.JPG, 2
IMG_2814.JPG, 10
IMG_3447.JPG, 2
IMG_2854.JPG, 2
IMG_8117.JPG, 5
IMG_5982.JPG, 5
IMG_2801.JPG, 10
IMG_7777.JPG, 2
IMG_2411.JPG, 0
IMG_4552.JPG, 3
IMG_8138.JPG, 3
IMG_5257.JPG, 5
IMG_6305.JPG, 7
IMG_7755.JPG, 10
IMG_5289.JPG, 1
IMG_8089.JPG, 5
PXL_20220310_223422819.jpg, 6
IMG_3678.JPG, 9
PXL_20220309_221421326.jpg, 3
PXL_20220310_223726700.MP.jpg, 6
PXL_20220310_222141814.jpg, 5
IMG_5867.JPG, 8
IMG_7440.JPG, 6
IMG_5117.JPG, 10
IMG_7876.JPG, 0
IMG_5514.JPG, 7
IMG_2923.JPG, 4
IMG_5237.JPG, 5
IMG_7770.JPG, 2
IMG_8003.JPG, 5
IMG_7274.JPG, 4
IMG_7754.JPG, 10
IMG_5378.JPG, 10
PXL_20220309_221517162.jpg, 3
IMG_7143.JPG, 10
IMG_3366.JPG, 10
IMG_2663.JPG, 6
IMG_7103.JPG, 6
IMG_5496.JPG, 7
IMG_5549.JPG, 0
IMG_2783.JPG, 10
IMG_4074.JPG, 7
IMG_6424.JPG, 8
IMG_7335.JPG, 7
IMG_6879.JPG, 9
IMG_5945.JPG, 3
IMG_7090.JPG, 6
IMG_3489.JPG, 2
IMG_3925.JPG, 1
IMG_3643.JPG, 9
IMG_6671.JPG, 10
IMG_8914.JPG, 0
IMG_6531.JPG, 1
IMG_2845.JPG, 2
IMG_3197.JPG, 5
PXL_20220309_221651378.MP.jpg, 9
IMG_4060.JPG, 7
IMG_6077.JPG, 6
IMG_5402.JPG, 10
IMG_6576.JPG, 6
IMG_3315.JPG, 6
IMG_2458.JPG, 9
IMG_3599.JPG, 7
IMG_6942.JPG, 5
IMG_7800.JPG, 2
IMG_4730.JPG, 9
IMG_3006.JPG, 9
IMG_8055.JPG, 2
IMG_5406.JPG, 10
IMG_3916.JPG, 1
IMG_6924.JPG, 8
IMG_5938.JPG, 3
IMG_5558.JPG, 0
IMG_2940.JPG, 7
IMG_6455.JPG, 3
IMG_2868.JPG, 2
IMG_3785.JPG, 3
IMG_5076.JPG, 6
IMG_2654.JPG, 1
IMG_3404.JPG, 10
IMG_3233.JPG, 1
IMG_6650.JPG, 10
IMG_4709.JPG, 9
IMG_3342.JPG, 6
IMG_3312.JPG, 6
IMG_6659.JPG, 10
IMG_4974.JPG, 8
IMG_3658.JPG, 9
IMG_3302.JPG, 6
IMG_4676.JPG, 7
IMG_6374.JPG, 9
IMG_2405.JPG, 0
PXL_20220310_223858930.jpg, 2
PXL_20220310_222300259.MP.jpg, 3
IMG_3387.JPG, 10
IMG_5858.JPG, 8
IMG_7722.JPG, 10
IMG_4902.JPG, 10
IMG_5722.JPG, 4
IMG_3632.JPG, 7
IMG_8037.JPG, 2
IMG_2647.JPG, 1
IMG_3369.JPG, 10
IMG_2415.JPG, 7
IMG_3819.JPG, 3
IMG_2862.JPG, 2
PXL_20220310_222053793.MP.jpg, 5
IMG_5043.JPG, 1
IMG_2409.JPG, 0
IMG_7078.JPG, 1
IMG_5430.JPG, 9
IMG_4908.JPG, 10
IMG_8051.JPG, 2
IMG_8071.JPG, 5
IMG_7901.JPG, 0
IMG_7711.JPG, 1
IMG_6322.JPG, 7
PXL_20220310_222729001.jpg, 7
IMG_6859.JPG, 9
IMG_8034.JPG, 2
PXL_20220309_222016890.jpg, 0
PXL_20220310_222607404.jpg, 9
IMG_4846.JPG, 6
IMG_7087.JPG, 6
IMG_8386.JPG, 4
IMG_6878.JPG, 9
IMG_7046.JPG, 1
PXL_20220310_224150286.jpg, 1
IMG_5758.JPG, 7
IMG_8299.JPG, 0
IMG_2531.JPG, 8
IMG_8153.JPG, 3
IMG_6718.JPG, 2
PXL_20220309_222929906.MP.jpg, 2
IMG_3212.JPG, 5
IMG_2532.JPG, 8
IMG_7967.JPG, 5
IMG_7946.JPG, 4
IMG_8157.JPG, 3
IMG_7669.JPG, 1
PXL_20220307_215318616.MP.jpg, 6
PXL_20220307_215817275.jpg, 2
IMG_8155.JPG, 3
IMG_2929.JPG, 7
IMG_6664.JPG, 10
IMG_6874.JPG, 9
IMG_8122.JPG, 3
PXL_20220310_223635854.jpg, 10
PXL_20220309_222222847.jpg, 4
PXL_20220310_223318504.jpg, 10
PXL_20220310_224149286.jpg, 1
IMG_6006.JPG, 1
IMG_3466.JPG, 2
IMG_5480.JPG, 7
PXL_20220310_224127494.MP.jpg, 1
IMG_3967.JPG, 4
IMG_3628.JPG, 7
PXL_20220310_222642497.jpg, 7
IMG_6520.JPG, 5
IMG_5397.JPG, 10
PXL_20220309_221853473.MP.jpg, 7
IMG_8928.JPG, 0
IMG_3307.JPG, 6
IMG_6202.JPG, 2
IMG_5135.JPG, 10
IMG_7344.JPG, 7
IMG_7495.JPG, 2
IMG_6615.JPG, 6
IMG_3921.JPG, 1
IMG_3071.JPG, 8
IMG_4710.JPG, 9
IMG_6989.JPG, 3
IMG_4756.JPG, 5
IMG_7697.JPG, 1
IMG_8286.JPG, 3
IMG_6960.JPG, 5
IMG_3060.JPG, 8
IMG_2499.JPG, 8
IMG_2617.JPG, 3
IMG_3868.JPG, 5
IMG_3780.JPG, 8
IMG_4741.JPG, 9
PXL_20220309_221610463.MP.jpg, 9
IMG_6530.JPG, 1
IMG_5984.JPG, 5
IMG_6279.JPG, 7
IMG_2893.JPG, 4
IMG_6172.JPG, 2
IMG_7955.JPG, 4
IMG_3803.JPG, 3
IMG_4747.JPG, 5
IMG_5474.JPG, 9
PXL_20220309_222932609.jpg, 2
IMG_6061.JPG, 6
IMG_3415.JPG, 10
IMG_5977.JPG, 5
IMG_3042.JPG, 8
IMG_7626.JPG, 8
IMG_2510.JPG, 8
IMG_4659.JPG, 7
IMG_6865.JPG, 9
IMG_3322.JPG, 6
IMG_8217.JPG, 0
IMG_5559.JPG, 0
IMG_5388.JPG, 10
IMG_5146.JPG, 10
IMG_8443.JPG, 0
IMG_5937.JPG, 3
IMG_7379.JPG, 9
IMG_8202.JPG, 0
IMG_8083.JPG, 5
IMG_8329.JPG, 0
IMG_2859.JPG, 2
IMG_4960.JPG, 8
IMG_8427.JPG, 0
IMG_5049.JPG, 1
IMG_8453.JPG, 0
IMG_2996.JPG, 9
IMG_6944.JPG, 5
PXL_20220309_221004543.jpg, 5
PXL_20220310_223137415.jpg, 4
IMG_7729.JPG, 10
IMG_3253.JPG, 1
IMG_3814.JPG, 3
IMG_3650.JPG, 9
IMG_7627.JPG, 8
IMG_2784.JPG, 10
IMG_4698.JPG, 9
IMG_7094.JPG, 6
IMG_4813.JPG, 1
IMG_6225.JPG, 4
IMG_3517.JPG, 2
IMG_8437.JPG, 0
IMG_6658.JPG, 10
IMG_6230.JPG, 4
IMG_5019.JPG, 1
PXL_20220309_222246782.MP.jpg, 4
IMG_5152.JPG, 10
IMG_3821.JPG, 3
IMG_4660.JPG, 7
IMG_5908.JPG, 3
IMG_5414.JPG, 10
IMG_7721.JPG, 10
IMG_6979.JPG, 5
IMG_7102.JPG, 6
IMG_6751.JPG, 4
IMG_4505.JPG, 8
IMG_7866.JPG, 0
IMG_3410.JPG, 10
IMG_3737.JPG, 8
IMG_5551.JPG, 0
IMG_2408.JPG, 0
IMG_3991.JPG, 0
IMG_7413.JPG, 6
IMG_3127.JPG, 3
IMG_8325.JPG, 0
IMG_7783.JPG, 2
IMG_7562.JPG, 0
IMG_2468.JPG, 9
IMG_8014.JPG, 5
IMG_6328.JPG, 9
IMG_2980.JPG, 9
IMG_6746.JPG, 4
IMG_4538.JPG, 8
IMG_6292.JPG, 7
IMG_6100.JPG, 6
IMG_2837.JPG, 2
IMG_8930.JPG, 0
IMG_3163.JPG, 3
IMG_3915.JPG, 1
IMG_2920.JPG, 4
IMG_6009.JPG, 1
IMG_7321.JPG, 7
IMG_4826.JPG, 1
IMG_7488.JPG, 2
IMG_6523.JPG, 5
IMG_7910.JPG, 0
IMG_8314.JPG, 0
IMG_3610.JPG, 7
IMG_3682.JPG, 9
IMG_5227.JPG, 5
IMG_7618.JPG, 8
IMG_8454.JPG, 0
IMG_3902.JPG, 1
IMG_4773.JPG, 5
IMG_5575.JPG, 0
IMG_6372.JPG, 9
IMG_6134.JPG, 10
IMG_3660.JPG, 9
IMG_5911.JPG, 3
IMG_4574.JPG, 3
IMG_4807.JPG, 1
IMG_6181.JPG, 2
IMG_7867.JPG, 0
PXL_20220310_221945080.MP.jpg, 5
IMG_3644.JPG, 9
IMG_4692.JPG, 9
IMG_2530.JPG, 8
IMG_6655.JPG, 10
PXL_20220309_222733510.jpg, 10
PXL_20220307_214206576.jpg, 9
IMG_8540.JPG, 2
PXL_20220309_222009848.jpg, 0
PXL_20220310_222119162.jpg, 5
IMG_4544.JPG, 3
IMG_7900.JPG, 0
IMG_6477.JPG, 5
IMG_5941.JPG, 3
IMG_3763.JPG, 8
IMG_6369.JPG, 9
IMG_3185.JPG, 5
IMG_3838.JPG, 5
IMG_5443.JPG, 9
PXL_20220310_223848230.jpg, 2
IMG_5020.JPG, 1
IMG_7609.JPG, 9
IMG_5517.JPG, 7
IMG_5395.JPG, 10
IMG_6131.JPG, 10
PXL_20220307_215322030.jpg, 10
PXL_20220310_222718769.jpg, 7
IMG_7733.JPG, 10
IMG_5173.JPG, 8
IMG_8430.JPG, 0
IMG_3452.JPG, 2
IMG_2883.JPG, 4
PXL_20220310_223359086.MP.jpg, 10
IMG_2373.JPG, 0
IMG_4776.JPG, 5
IMG_6552.JPG, 1
IMG_6967.JPG, 5
IMG_7420.JPG, 6
IMG_3357.JPG, 6
IMG_4021.JPG, 0
IMG_4833.JPG, 1
IMG_6624.JPG, 6
IMG_3523.JPG, 2
IMG_4894.JPG, 10
IMG_7725.JPG, 10
IMG_6072.JPG, 6
IMG_6446.JPG, 3
IMG_6058.JPG, 6
IMG_5882.JPG, 8
IMG_3419.JPG, 10
IMG_2946.JPG, 7
IMG_8246.JPG, 3
IMG_6468.JPG, 3
IMG_7653.JPG, 8
IMG_2457.JPG, 9
IMG_6885.JPG, 8
IMG_2419.JPG, 7
IMG_2867.JPG, 2
IMG_7259.JPG, 4
PXL_20220309_223242566.jpg, 1
IMG_6661.JPG, 10
IMG_6133.JPG, 10
IMG_3306.JPG, 6
IMG_4755.JPG, 5
IMG_3762.JPG, 8
IMG_8373.JPG, 4
IMG_6341.JPG, 9
IMG_8016.JPG, 5
IMG_5523.JPG, 7
IMG_8489.JPG, 0
IMG_3864.JPG, 5
IMG_6584.JPG, 6
IMG_7004.JPG, 3
IMG_6600.JPG, 6
IMG_3205.JPG, 5
IMG_6764.JPG, 4
IMG_4664.JPG, 7
IMG_5314.JPG, 1
IMG_6016.JPG, 1
IMG_6047.JPG, 1
IMG_3828.JPG, 3
IMG_8254.JPG, 3
IMG_7151.JPG, 10
IMG_2496.JPG, 8
IMG_3768.JPG, 8
IMG_3154.JPG, 3
IMG_5986.JPG, 5
IMG_8196.JPG, 0
IMG_6012.JPG, 1
PXL_20220309_221748925.jpg, 9
IMG_4986.JPG, 8
IMG_2685.JPG, 6
IMG_8469.JPG, 0
IMG_2495.JPG, 8
IMG_6548.JPG, 1
IMG_7341.JPG, 7
IMG_7096.JPG, 6
IMG_6807.JPG, 7
IMG_3894.JPG, 1
IMG_4647.JPG, 7
IMG_6060.JPG, 6
IMG_2526.JPG, 8
IMG_5405.JPG, 10
IMG_6399.JPG, 8
IMG_5211.JPG, 8
IMG_2973.JPG, 7
IMG_5059.JPG, 6
IMG_7793.JPG, 2
IMG_4720.JPG, 9
IMG_2521.JPG, 8
IMG_5469.JPG, 9
IMG_7084.JPG, 6
IMG_3206.JPG, 5
IMG_5848.JPG, 9
IMG_6481.JPG, 5
IMG_5921.JPG, 3
IMG_7169.JPG, 10
IMG_4824.JPG, 1
IMG_3279.JPG, 1
IMG_5284.JPG, 1
IMG_7196.JPG, 2
IMG_5847.JPG, 9
IMG_7389.JPG, 9
IMG_5290.JPG, 1
IMG_3420.JPG, 10
IMG_5188.JPG, 8
IMG_2552.JPG, 5
IMG_7970.JPG, 5
PXL_20220309_221902208.jpg, 4
IMG_2834.JPG, 2
IMG_4937.JPG, 10
IMG_4019.JPG, 0
IMG_8228.JPG, 0
IMG_3019.JPG, 8
IMG_4083.JPG, 7
IMG_4760.JPG, 5
IMG_8061.JPG, 2
IMG_2386.JPG, 0
IMG_8491.JPG, 0
IMG_3147.JPG, 3
IMG_3183.JPG, 5
IMG_5926.JPG, 3
IMG_5902.JPG, 8
IMG_3892.JPG, 1
IMG_5972.JPG, 5
IMG_3909.JPG, 1
IMG_4770.JPG, 5
IMG_2932.JPG, 7
IMG_5486.JPG, 7
PXL_20220310_223436641.MP.jpg, 10
IMG_5340.JPG, 6
IMG_3394.JPG, 10
IMG_5047.JPG, 1
IMG_7592.JPG, 9
PXL_20220310_223138240.jpg, 4
IMG_4080.JPG, 7
IMG_4856.JPG, 6
IMG_7685.JPG, 1
IMG_3822.JPG, 3
IMG_6380.JPG, 8
IMG_5425.JPG, 9
PXL_20220310_223656450.jpg, 10
IMG_7973.JPG, 5
IMG_2943.JPG, 7
IMG_5096.JPG, 6
IMG_4490.JPG, 8
IMG_6656.JPG, 10
PXL_20220310_221949289.MP.jpg, 8
IMG_7774.JPG, 2
IMG_2527.JPG, 8
IMG_7001.JPG, 3
IMG_5131.JPG, 10
IMG_6894.JPG, 8
IMG_6396.JPG, 8
IMG_6164.JPG, 2
PXL_20220310_223608006.jpg, 10
IMG_5292.JPG, 1
IMG_7159.JPG, 10
IMG_3251.JPG, 1
IMG_2650.JPG, 1
IMG_4766.JPG, 5
IMG_2662.JPG, 6
PXL_20220310_222046628.jpg, 8
IMG_6421.JPG, 8
IMG_6587.JPG, 6
IMG_2423.JPG, 7
IMG_5467.JPG, 9
IMG_7108.JPG, 6
IMG_3344.JPG, 6
IMG_6720.JPG, 2
IMG_6123.JPG, 10
IMG_5432.JPG, 9
IMG_3454.JPG, 2
IMG_8209.JPG, 0
IMG_5045.JPG, 1
IMG_3748.JPG, 8
IMG_3666.JPG, 9
IMG_4821.JPG, 1
IMG_5039.JPG, 1
IMG_8307.JPG, 0
IMG_5071.JPG, 6
IMG_3402.JPG, 10
IMG_8035.JPG, 2
IMG_6368.JPG, 9
IMG_2636.JPG, 1
IMG_7042.JPG, 1
IMG_8273.JPG, 3
PXL_20220307_215209509.jpg, 1
IMG_4835.JPG, 1
IMG_8167.JPG, 3
IMG_5200.JPG, 8
IMG_6019.JPG, 1
IMG_4779.JPG, 5
IMG_8222.JPG, 0
IMG_8044.JPG, 2
IMG_3001.JPG, 9
IMG_6757.JPG, 4
IMG_4860.JPG, 6
IMG_8130.JPG, 3
IMG_7168.JPG, 10
IMG_8244.JPG, 3
IMG_4671.JPG, 7
IMG_7176.JPG, 10
PXL_20220310_222500901.jpg, 9
IMG_5148.JPG, 10
IMG_5142.JPG, 10
IMG_2817.JPG, 10
IMG_8220.JPG, 0
IMG_6830.JPG, 9
IMG_4925.JPG, 10
IMG_7144.JPG, 10
IMG_6460.JPG, 3
IMG_5482.JPG, 7
IMG_6343.JPG, 9
IMG_5572.JPG, 0
IMG_6183.JPG, 2
IMG_5201.JPG, 8
IMG_7943.JPG, 4
IMG_7057.JPG, 1
IMG_3857.JPG, 5
IMG_4769.JPG, 5
IMG_8511.JPG, 2
IMG_6075.JPG, 6
IMG_6198.JPG, 2
IMG_6544.JPG, 1
PXL_20220310_222235856.jpg, 8
IMG_4814.JPG, 1
PXL_20220307_215505647.jpg, 6
IMG_7871.JPG, 0
IMG_7791.JPG, 2
IMG_5439.JPG, 9
IMG_7928.JPG, 4
IMG_6947.JPG, 5
IMG_3074.JPG, 8
IMG_4738.JPG, 9
IMG_7443.JPG, 6
IMG_8278.JPG, 3
IMG_6745.JPG, 4
IMG_6054.JPG, 1
IMG_3003.JPG, 9
IMG_3996.JPG, 0
IMG_5830.JPG, 9
IMG_4884.JPG, 6
IMG_7668.JPG, 1
IMG_8466.JPG, 0
IMG_7180.JPG, 10
IMG_7999.JPG, 5
IMG_3130.JPG, 3
IMG_5935.JPG, 3
IMG_4514.JPG, 8
IMG_2914.JPG, 4
IMG_8934.JPG, 0
IMG_2539.JPG, 5
PXL_20220307_215234390.jpg, 1
IMG_7903.JPG, 0
IMG_7644.JPG, 8
IMG_8248.JPG, 3
IMG_7636.JPG, 8
IMG_4989.JPG, 8
PXL_20220309_222959707.MP.jpg, 2
IMG_5447.JPG, 9
IMG_4551.JPG, 3
IMG_6782.JPG, 7
IMG_7461.JPG, 2
IMG_4832.JPG, 1
PXL_20220309_222911969.jpg, 2
IMG_6157.JPG, 2
IMG_2517.JPG, 8
IMG_6507.JPG, 5
IMG_6243.JPG, 4
IMG_5110.JPG, 10
IMG_5293.JPG, 1
IMG_8081.JPG, 5
PXL_20220309_221414679.jpg, 3
IMG_4983.JPG, 8
IMG_3810.JPG, 3
IMG_5890.JPG, 8
IMG_3987.JPG, 0
IMG_8131.JPG, 3
IMG_3739.JPG, 8
IMG_2948.JPG, 7
PXL_20220309_221955549.jpg, 7
IMG_7043.JPG, 1
IMG_4580.JPG, 3
IMG_2504.JPG, 8
IMG_7652.JPG, 8
IMG_5490.JPG, 7
IMG_3333.JPG, 6
IMG_7346.JPG, 7
PXL_20220310_222624456.jpg, 7
IMG_8280.JPG, 3
IMG_5759.JPG, 7
IMG_3329.JPG, 6
IMG_3237.JPG, 1
PXL_20220310_222518716.MP.jpg, 9
IMG_6758.JPG, 4
IMG_2559.JPG, 5
IMG_3669.JPG, 9
IMG_2466.JPG, 9
IMG_7638.JPG, 8
IMG_6415.JPG, 8
IMG_4691.JPG, 7
IMG_5438.JPG, 9
IMG_8221.JPG, 0
IMG_3217.JPG, 5
IMG_7805.JPG, 2
IMG_6458.JPG, 3
PXL_20220309_221002340.MP.jpg, 5
IMG_4767.JPG, 5
IMG_2503.JPG, 8
IMG_5225.JPG, 5
IMG_2472.JPG, 9
IMG_5822.JPG, 9
PXL_20220309_222026987.jpg, 0
IMG_5570.JPG, 0
IMG_6340.JPG, 9
IMG_7161.JPG, 10
IMG_3960.JPG, 4
IMG_2550.JPG, 5
IMG_7758.JPG, 10
IMG_4571.JPG, 3
IMG_7217.JPG, 2
IMG_2959.JPG, 7
IMG_2455.JPG, 9
IMG_6071.JPG, 6
IMG_6079.JPG, 6
IMG_8419.JPG, 0
IMG_3619.JPG, 7
IMG_8173.JPG, 0
IMG_3055.JPG, 8
IMG_6577.JPG, 6
IMG_7624.JPG, 8
IMG_7171.JPG, 10
IMG_8102.JPG, 5
IMG_3157.JPG, 3
IMG_2596.JPG, 3
IMG_6444.JPG, 3
IMG_6957.JPG, 5
IMG_5330.JPG, 6
IMG_2600.JPG, 3
IMG_3478.JPG, 2
PXL_20220309_221936940.jpg, 4
IMG_2941.JPG, 7
IMG_5450.JPG, 9
IMG_2986.JPG, 9
IMG_8270.JPG, 3
IMG_3066.JPG, 8
PXL_20220309_222108739.jpg, 0
IMG_3039.JPG, 8
IMG_3240.JPG, 1
IMG_3890.JPG, 1
IMG_3423.JPG, 10
PXL_20220310_223416641.MP.jpg, 10
IMG_7478.JPG, 2
IMG_2567.JPG, 5
IMG_4014.JPG, 0
IMG_4509.JPG, 8
IMG_8484.JPG, 0
IMG_7033.JPG, 1
IMG_2343.JPG, 4
IMG_5449.JPG, 9
PXL_20220307_215802031.jpg, 2
IMG_5058.JPG, 6
IMG_7942.JPG, 4
IMG_8279.JPG, 3
IMG_7390.JPG, 9
IMG_3129.JPG, 3
IMG_7432.JPG, 6
IMG_7381.JPG, 9
IMG_7724.JPG, 10
PXL_20220310_223019183.MP.jpg, 0
IMG_2547.JPG, 5
IMG_6781.JPG, 7
IMG_7773.JPG, 2
IMG_7063.JPG, 1
IMG_8413.JPG, 0
IMG_3068.JPG, 8
IMG_5965.JPG, 5
IMG_5400.JPG, 10
IMG_6086.JPG, 6
IMG_5307.JPG, 1
IMG_6621.JPG, 6
IMG_3382.JPG, 10
PXL_20220307_214230567.jpg, 9
PXL_20220310_223317572.MP.jpg, 10
IMG_6852.JPG, 9
IMG_6603.JPG, 6
IMG_7306.JPG, 7
IMG_5072.JPG, 6
PXL_20220307_213634670.jpg, 5
IMG_4953.JPG, 8
IMG_6473.JPG, 3
IMG_7940.JPG, 4
IMG_6377.JPG, 8
IMG_3155.JPG, 3
IMG_2514.JPG, 8
IMG_5510.JPG, 7
IMG_8049.JPG, 2
PXL_20220310_223640422.jpg, 6
PXL_20220310_223038852.MP.jpg, 4
IMG_7060.JPG, 1
IMG_2919.JPG, 4
IMG_2930.JPG, 7
IMG_6260.JPG, 4
IMG_2366.JPG, 4
PXL_20220310_223534042.jpg, 10
IMG_3432.JPG, 10
IMG_6052.JPG, 1
IMG_3761.JPG, 8
IMG_3057.JPG, 8
IMG_8042.JPG, 2
IMG_5318.JPG, 1
IMG_2563.JPG, 5
PXL_20220310_222855007.MP.jpg, 0
IMG_3686.JPG, 9
IMG_8158.JPG, 3
IMG_8315.JPG, 0
IMG_4526.JPG, 8
IMG_5181.JPG, 8
IMG_4495.JPG, 8
IMG_3304.JPG, 6
IMG_7351.JPG, 9
IMG_8199.JPG, 0
PXL_20220310_222737707.jpg, 7
IMG_8225.JPG, 0
IMG_3609.JPG, 7
IMG_7603.JPG, 9
IMG_6161.JPG, 2
IMG_4564.JPG, 3
IMG_7111.JPG, 6
PXL_20220309_221711294.jpg, 9
IMG_6607.JPG, 6
IMG_8351.JPG, 4
IMG_2910.JPG, 4
IMG_5097.JPG, 6
IMG_8905.JPG, 0
IMG_6295.JPG, 7
PXL_20220310_222828402.jpg, 0
IMG_2416.JPG, 7
PXL_20220310_222438493.MP.jpg, 9
PXL_20220307_214657959.jpg, 0
IMG_6038.JPG, 1
IMG_3162.JPG, 3
IMG_2933.JPG, 7
IMG_3051.JPG, 8
IMG_6040.JPG, 1
IMG_7297.JPG, 7
IMG_3241.JPG, 1
PXL_20220307_214522211.jpg, 0
IMG_6117.JPG, 10
IMG_6519.JPG, 5
IMG_3274.JPG, 1
IMG_7131.JPG, 6
IMG_7954.JPG, 4
IMG_5993.JPG, 5
IMG_7678.JPG, 1
PXL_20220309_222247603.jpg, 4
IMG_5085.JPG, 6
IMG_4712.JPG, 9
IMG_4583.JPG, 3
IMG_7933.JPG, 4
IMG_4002.JPG, 0
IMG_5472.JPG, 9
IMG_6464.JPG, 3
IMG_4784.JPG, 5
IMG_2507.JPG, 8
IMG_3146.JPG, 3
IMG_5379.JPG, 10
IMG_4785.JPG, 5
IMG_3767.JPG, 8
IMG_3380.JPG, 10
IMG_6804.JPG, 7
IMG_3825.JPG, 3
IMG_3802.JPG, 3
IMG_7808.JPG, 2
PXL_20220310_223052456.jpg, 4
IMG_3215.JPG, 5
IMG_5280.JPG, 1
IMG_6005.JPG, 1
IMG_6605.JPG, 6
IMG_3425.JPG, 10
IMG_6832.JPG, 9
IMG_5209.JPG, 8
IMG_8255.JPG, 3
IMG_5271.JPG, 5
IMG_6629.JPG, 10
IMG_8063.JPG, 2
IMG_2642.JPG, 1
IMG_7202.JPG, 2
IMG_6955.JPG, 5
IMG_6238.JPG, 4
IMG_7738.JPG, 10
IMG_5974.JPG, 5
IMG_3984.JPG, 4
IMG_7462.JPG, 2
PXL_20220309_222752274.jpg, 6
IMG_8479.JPG, 0
IMG_5899.JPG, 8
IMG_4971.JPG, 8
IMG_2794.JPG, 10
IMG_5070.JPG, 6
IMG_2603.JPG, 3
IMG_4577.JPG, 3
IMG_4668.JPG, 7
PXL_20220307_215811067.jpg, 2
IMG_8198.JPG, 0
IMG_6521.JPG, 5
IMG_5437.JPG, 9
IMG_8111.JPG, 5
IMG_6344.JPG, 9
IMG_4849.JPG, 6
PXL_20220310_223020039.jpg, 0
IMG_7875.JPG, 0
IMG_3843.JPG, 5
PXL_20220309_221029443.jpg, 5
IMG_3161.JPG, 3
IMG_2822.JPG, 10
IMG_2624.JPG, 3
PXL_20220309_222928933.MP.jpg, 2
PXL_20220310_222755906.jpg, 7
IMG_7747.JPG, 10
PXL_20220310_223534876.jpg, 10
PXL_20220309_222133097.jpg, 0
IMG_7882.JPG, 0
PXL_20220310_222009387.MP.jpg, 5
IMG_5370.JPG, 6
IMG_3204.JPG, 5
PXL_20220309_221641448.MP.jpg, 9
IMG_4524.JPG, 8
IMG_8543.JPG, 2
IMG_7428.JPG, 6
IMG_8342.JPG, 0
IMG_4998.JPG, 8
IMG_7665.JPG, 1
PXL_20220310_222353493.jpg, 3
IMG_8100.JPG, 5
IMG_5831.JPG, 9
IMG_4532.JPG, 8
IMG_8140.JPG, 3
IMG_7576.JPG, 9
PXL_20220309_221803626.jpg, 7
IMG_6572.JPG, 1
IMG_6606.JPG, 6
IMG_5989.JPG, 5
IMG_7814.JPG, 2
IMG_3746.JPG, 8
PXL_20220310_222058035.MP.jpg, 8
IMG_7712.JPG, 1
IMG_6029.JPG, 1
IMG_4859.JPG, 6
PXL_20220307_213744815.MP.jpg, 8
IMG_4038.JPG, 7
IMG_7447.JPG, 2
IMG_5252.JPG, 5
IMG_4569.JPG, 3
IMG_5765.JPG, 7
IMG_5029.JPG, 1
IMG_4852.JPG, 6
IMG_3515.JPG, 2
IMG_5811.JPG, 9
IMG_3424.JPG, 10
PXL_20220307_215351628.MP.jpg, 10
IMG_7752.JPG, 10
IMG_2954.JPG, 7
IMG_5245.JPG, 5
IMG_3853.JPG, 5
IMG_6968.JPG, 5
IMG_6132.JPG, 10
IMG_4015.JPG, 0
IMG_6598.JPG, 6
IMG_3288.JPG, 6
IMG_3548.JPG, 4
IMG_2420.JPG, 7
IMG_8004.JPG, 5
IMG_6570.JPG, 1
IMG_6529.JPG, 1
IMG_3850.JPG, 5
IMG_6646.JPG, 10
IMG_5359.JPG, 6
IMG_3254.JPG, 1
IMG_3327.JPG, 6
IMG_7386.JPG, 9
IMG_7194.JPG, 2
IMG_5844.JPG, 9
IMG_7491.JPG, 2
IMG_7601.JPG, 9
IMG_5229.JPG, 5
IMG_2568.JPG, 5
IMG_6420.JPG, 8
IMG_5704.JPG, 4
IMG_5244.JPG, 5
IMG_3618.JPG, 7
IMG_8480.JPG, 0
PXL_20220307_213734078.jpg, 8
IMG_8343.JPG, 0
PXL_20220309_222233263.MP.jpg, 4
IMG_3752.JPG, 8
PXL_20220309_221423166.jpg, 3
IMG_5183.JPG, 8
IMG_7008.JPG, 3
IMG_3685.JPG, 9
IMG_6501.JPG, 5
IMG_2960.JPG, 7
IMG_5153.JPG, 10
PXL_20220310_221926280.jpg, 5
IMG_7748.JPG, 10
IMG_5302.JPG, 1
PXL_20220310_223914655.jpg, 2
IMG_7702.JPG, 1
IMG_3602.JPG, 7
IMG_3140.JPG, 3
PXL_20220309_222714861.jpg, 6
IMG_3905.JPG, 1
PXL_20220309_222507644.jpg, 10
IMG_3863.JPG, 5
IMG_8423.JPG, 0
IMG_6645.JPG, 10
IMG_8332.JPG, 0
IMG_5012.JPG, 1
IMG_8127.JPG, 3
PXL_20220310_223519074.MP.jpg, 6
IMG_6379.JPG, 8
IMG_8498.JPG, 0
IMG_5415.JPG, 10
IMG_6618.JPG, 6
IMG_3661.JPG, 9
IMG_6046.JPG, 1
IMG_3498.JPG, 2
IMG_4525.JPG, 8
IMG_7982.JPG, 5
IMG_7388.JPG, 9
IMG_8476.JPG, 0
IMG_3266.JPG, 1
IMG_7672.JPG, 1
IMG_5327.JPG, 6
IMG_5924.JPG, 3
PXL_20220310_223618442.jpg, 6
IMG_7036.JPG, 1
PXL_20220307_213526980.jpg, 5
IMG_3450.JPG, 2
IMG_7364.JPG, 9
IMG_7924.JPG, 4
IMG_2695.JPG, 6
PXL_20220307_214635049.jpg, 0
IMG_8203.JPG, 0
IMG_7607.JPG, 9
PXL_20220307_213716292.jpg, 8
IMG_6056.JPG, 6
IMG_4786.JPG, 5
IMG_6471.JPG, 3
IMG_6428.JPG, 3
IMG_7250.JPG, 4
IMG_6969.JPG, 5
IMG_5468.JPG, 9
IMG_7676.JPG, 1
IMG_6456.JPG, 3
IMG_3782.JPG, 8
IMG_6560.JPG, 1
IMG_4791.JPG, 5
IMG_6971.JPG, 5
IMG_3633.JPG, 7
IMG_6112.JPG, 10
IMG_5233.JPG, 5
IMG_3998.JPG, 0
IMG_2780.JPG, 10
IMG_4836.JPG, 1
IMG_2471.JPG, 9
IMG_5098.JPG, 6
IMG_3016.JPG, 9
PXL_20220309_221343370.MP.jpg, 8
IMG_6425.JPG, 8
IMG_3841.JPG, 5
IMG_2606.JPG, 3
IMG_7318.JPG, 7
IMG_3926.JPG, 1
IMG_3870.JPG, 5
IMG_3537.JPG, 4
IMG_7116.JPG, 6
IMG_5958.JPG, 5
IMG_3124.JPG, 3
IMG_8508.JPG, 2
IMG_5287.JPG, 1
IMG_5017.JPG, 1
IMG_5057.JPG, 6
IMG_7345.JPG, 7
IMG_6516.JPG, 5
IMG_6613.JPG, 6
IMG_5099.JPG, 6
IMG_2615.JPG, 3
IMG_7101.JPG, 6
PXL_20220309_221057482.jpg, 5
IMG_6765.JPG, 4
IMG_7734.JPG, 10
IMG_5207.JPG, 8
IMG_6673.JPG, 10
IMG_5323.JPG, 1
IMG_2688.JPG, 6
IMG_7225.JPG, 2
PXL_20220309_221112093.jpg, 5
IMG_6114.JPG, 10
IMG_6540.JPG, 1
IMG_3062.JPG, 8
IMG_6505.JPG, 5
IMG_7934.JPG, 4
PXL_20220309_223234610.MP.jpg, 1
PXL_20220307_214000657.jpg, 3
IMG_6761.JPG, 4
IMG_7219.JPG, 2
IMG_4968.JPG, 8
IMG_7560.JPG, 0
IMG_5363.JPG, 6
IMG_2886.JPG, 4
IMG_2384.JPG, 0
IMG_5963.JPG, 5
IMG_8088.JPG, 5
IMG_4071.JPG, 7
IMG_4965.JPG, 8
IMG_8534.JPG, 2
IMG_6229.JPG, 4
PXL_20220309_221149605.jpg, 8
IMG_4870.JPG, 6
IMG_8149.JPG, 3
IMG_5149.JPG, 10
IMG_7625.JPG, 8
IMG_5189.JPG, 8
IMG_2863.JPG, 2
IMG_8006.JPG, 5
PXL_20220309_222746971.MP.jpg, 10
IMG_5708.JPG, 4
IMG_6138.JPG, 10
IMG_6028.JPG, 1
IMG_6996.JPG, 3
IMG_3230.JPG, 1
PXL_20220307_215631179.jpg, 10
IMG_5214.JPG, 8
PXL_20220307_213607298.jpg, 5
IMG_5195.JPG, 8
IMG_4494.JPG, 8
IMG_8434.JPG, 0
IMG_7961.JPG, 4
IMG_4561.JPG, 3
IMG_7048.JPG, 1
IMG_6545.JPG, 1
IMG_7305.JPG, 7
IMG_3281.JPG, 1
IMG_6174.JPG, 2
IMG_4911.JPG, 10
IMG_4010.JPG, 0
IMG_3735.JPG, 8
IMG_5113.JPG, 10
IMG_8121.JPG, 3
PXL_20220310_222809868.jpg, 4
PXL_20220310_222059033.jpg, 8
IMG_4750.JPG, 5
IMG_2792.JPG, 10
IMG_8104.JPG, 5
PXL_20220310_222940808.jpg, 0
IMG_5846.JPG, 9
IMG_3191.JPG, 5
IMG_5002.JPG, 8
IMG_3964.JPG, 4
IMG_6443.JPG, 3
IMG_5259.JPG, 5
IMG_7705.JPG, 1
IMG_8011.JPG, 5
IMG_5172.JPG, 8
IMG_8333.JPG, 0
IMG_7587.JPG, 9
IMG_5951.JPG, 3
IMG_5032.JPG, 1
IMG_5310.JPG, 1
IMG_2839.JPG, 2
IMG_8169.JPG, 3
PXL_20220309_222920783.jpg, 2
IMG_6282.JPG, 7
IMG_2911.JPG, 4
IMG_6014.JPG, 1
IMG_7340.JPG, 7
IMG_3549.JPG, 4
IMG_7703.JPG, 1
IMG_4967.JPG, 8
IMG_8438.JPG, 0
IMG_7071.JPG, 1
IMG_8230.JPG, 0
IMG_4694.JPG, 9
IMG_7662.JPG, 8
IMG_7206.JPG, 2
PXL_20220307_214510762.jpg, 0
IMG_5927.JPG, 3
IMG_2604.JPG, 3
IMG_4642.JPG, 7
IMG_5856.JPG, 8
IMG_2705.JPG, 6
IMG_3742.JPG, 8
IMG_6088.JPG, 6
IMG_2518.JPG, 8
IMG_3463.JPG, 2
IMG_7165.JPG, 10
PXL_20220307_214053581.MP.jpg, 3
IMG_5122.JPG, 10
IMG_3365.JPG, 10
IMG_8151.JPG, 3
IMG_6204.JPG, 2
PXL_20220310_223504832.MP.jpg, 6
IMG_3668.JPG, 9
IMG_5296.JPG, 1
IMG_2998.JPG, 9
IMG_7731.JPG, 10
IMG_4534.JPG, 8
IMG_7438.JPG, 6
IMG_7075.JPG, 1
IMG_3809.JPG, 3
IMG_3247.JPG, 1
IMG_4754.JPG, 5
IMG_7056.JPG, 1
IMG_5959.JPG, 5
IMG_4020.JPG, 0
IMG_7442.JPG, 6
IMG_6608.JPG, 6
IMG_2570.JPG, 5
IMG_5571.JPG, 0
IMG_2964.JPG, 7
IMG_5841.JPG, 9
IMG_7099.JPG, 6
IMG_2482.JPG, 9
IMG_2422.JPG, 7
IMG_7134.JPG, 10
IMG_6665.JPG, 10
IMG_4003.JPG, 0
IMG_6820.JPG, 7
IMG_6150.JPG, 10
IMG_5975.JPG, 5
IMG_5249.JPG, 5
IMG_2393.JPG, 0
IMG_7114.JPG, 6
IMG_2696.JPG, 6
PXL_20220309_222144345.jpg, 0
IMG_8050.JPG, 2
IMG_2339.JPG, 4
IMG_5129.JPG, 10
IMG_2984.JPG, 9
IMG_6601.JPG, 6
IMG_4086.JPG, 7
IMG_3403.JPG, 10
IMG_7378.JPG, 9
IMG_5398.JPG, 10
IMG_7119.JPG, 6
IMG_7320.JPG, 7
IMG_7679.JPG, 1
IMG_3323.JPG, 6
IMG_2927.JPG, 7
IMG_6289.JPG, 7
IMG_3760.JPG, 8
IMG_6489.JPG, 5
IMG_6167.JPG, 2
PXL_20220307_214406218.jpg, 7
IMG_5126.JPG, 10
IMG_2850.JPG, 2
PXL_20220310_222123495.jpg, 8
IMG_6142.JPG, 10
IMG_7127.JPG, 6
IMG_6815.JPG, 7
IMG_6275.JPG, 4
IMG_3393.JPG, 10
IMG_4570.JPG, 3
IMG_3978.JPG, 4
IMG_7689.JPG, 1
IMG_6024.JPG, 1
IMG_4723.JPG, 9
IMG_8920.JPG, 0
IMG_8393.JPG, 4
IMG_8184.JPG, 0
IMG_6120.JPG, 10
IMG_4566.JPG, 3
IMG_3827.JPG, 3
IMG_4677.JPG, 7
IMG_2797.JPG, 10
IMG_6826.JPG, 7
IMG_6226.JPG, 4
IMG_6887.JPG, 8
IMG_3855.JPG, 5
IMG_8194.JPG, 0
IMG_6398.JPG, 8
IMG_6069.JPG, 6
IMG_7580.JPG, 9
IMG_6999.JPG, 3
IMG_6331.JPG, 9
IMG_7591.JPG, 9
IMG_7384.JPG, 9
IMG_6298.JPG, 7
IMG_2500.JPG, 8
IMG_7931.JPG, 4
IMG_7391.JPG, 9
IMG_7573.JPG, 9
IMG_6498.JPG, 5
IMG_3245.JPG, 1
IMG_7904.JPG, 0
IMG_5036.JPG, 1
PXL_20220310_221925389.MP.jpg, 5
IMG_8065.JPG, 2
IMG_5427.JPG, 9
IMG_4883.JPG, 6
IMG_5766.JPG, 7
IMG_2999.JPG, 9
IMG_6537.JPG, 1
IMG_8425.JPG, 0
IMG_6527.JPG, 1
IMG_4887.JPG, 6
PXL_20220309_222159284.jpg, 0
IMG_5194.JPG, 8
IMG_4531.JPG, 8
IMG_7268.JPG, 4
IMG_6127.JPG, 10
IMG_3867.JPG, 5
IMG_7088.JPG, 6
IMG_6186.JPG, 2
IMG_2937.JPG, 7
IMG_3872.JPG, 5
IMG_6711.JPG, 2
IMG_2553.JPG, 5
IMG_8147.JPG, 3
IMG_3741.JPG, 8
IMG_8092.JPG, 5
IMG_6007.JPG, 1
PXL_20220310_223024929.jpg, 4
IMG_8324.JPG, 0
IMG_5886.JPG, 8
IMG_5547.JPG, 0
IMG_5139.JPG, 10
IMG_4036.JPG, 0
IMG_5116.JPG, 10
IMG_3903.JPG, 1
PXL_20220310_222402485.jpg, 3
IMG_8902.JPG, 0
IMG_3758.JPG, 8
IMG_8439.JPG, 0
IMG_4742.JPG, 9
PXL_20220310_222953591.MP.jpg, 0
IMG_3408.JPG, 10
IMG_4690.JPG, 7
IMG_4810.JPG, 1
IMG_4656.JPG, 7
IMG_8293.JPG, 3
IMG_2896.JPG, 4
IMG_3898.JPG, 1
IMG_2462.JPG, 9
IMG_5796.JPG, 7
IMG_6066.JPG, 6
IMG_8898.JPG, 0
IMG_7110.JPG, 6
IMG_2605.JPG, 3
PXL_20220309_222713980.jpg, 6
IMG_3487.JPG, 2
IMG_5073.JPG, 6
IMG_7756.JPG, 10
IMG_5106.JPG, 10
IMG_3156.JPG, 3
IMG_2939.JPG, 7
IMG_3292.JPG, 6
PXL_20220310_223817931.MP.jpg, 2
IMG_4929.JPG, 10
IMG_2925.JPG, 7
IMG_3774.JPG, 8
IMG_4871.JPG, 6
IMG_6434.JPG, 3
IMG_4693.JPG, 9
IMG_5248.JPG, 5
IMG_3835.JPG, 5
IMG_7489.JPG, 2
IMG_4047.JPG, 7
IMG_5042.JPG, 1
IMG_2953.JPG, 7
IMG_7376.JPG, 9
IMG_3428.JPG, 10
IMG_7723.JPG, 10
IMG_3289.JPG, 6
IMG_8492.JPG, 0
IMG_5576.JPG, 0
IMG_8330.JPG, 0
IMG_3225.JPG, 5
IMG_2865.JPG, 2
PXL_20220310_224241913.jpg, 1
IMG_6450.JPG, 3
IMG_3966.JPG, 4
IMG_6317.JPG, 7
IMG_8276.JPG, 3
IMG_7553.JPG, 0
IMG_6753.JPG, 4
IMG_4955.JPG, 8
IMG_2428.JPG, 7
IMG_2438.JPG, 7
IMG_3655.JPG, 9
IMG_8164.JPG, 3
IMG_6418.JPG, 8
IMG_6274.JPG, 4
IMG_5764.JPG, 7
IMG_7878.JPG, 0
IMG_4743.JPG, 5
IMG_2558.JPG, 5
IMG_6850.JPG, 9
IMG_8336.JPG, 0
IMG_3519.JPG, 2
IMG_3961.JPG, 4
IMG_4672.JPG, 7
IMG_6862.JPG, 9
IMG_7906.JPG, 0
IMG_5464.JPG, 9
IMG_4542.JPG, 3
IMG_7089.JPG, 6
PXL_20220309_222655547.jpg, 6
IMG_6586.JPG, 6
IMG_2994.JPG, 9
IMG_5777.JPG, 7
IMG_2523.JPG, 8
IMG_7796.JPG, 2
IMG_5065.JPG, 6
IMG_6049.JPG, 1
IMG_7230.JPG, 2
IMG_6602.JPG, 6
IMG_4882.JPG, 6
IMG_3326.JPG, 6
IMG_6419.JPG, 8
IMG_6616.JPG, 6
IMG_4669.JPG, 7
IMG_3021.JPG, 8
PXL_20220309_223000478.jpg, 2
IMG_5412.JPG, 10
IMG_7650.JPG, 8
PXL_20220307_213628546.MP.jpg, 5
PXL_20220307_214122019.jpg, 9
IMG_2348.JPG, 4
IMG_7647.JPG, 8
IMG_2407.JPG, 0
IMG_4748.JPG, 5
IMG_3593.JPG, 7
IMG_5521.JPG, 7
IMG_5093.JPG, 6
IMG_4855.JPG, 6
IMG_7214.JPG, 2
IMG_7355.JPG, 9
IMG_8495.JPG, 0
IMG_5053.JPG, 1
IMG_5827.JPG, 9
IMG_4799.JPG, 1
IMG_5175.JPG, 8
IMG_6459.JPG, 3
IMG_8150.JPG, 3
IMG_6841.JPG, 9
IMG_7989.JPG, 5
IMG_6101.JPG, 6
IMG_8428.JPG, 0
IMG_2829.JPG, 2
IMG_5360.JPG, 6
IMG_5465.JPG, 9
PXL_20220310_224305273.jpg, 1
IMG_4922.JPG, 10
IMG_7766.JPG, 2
IMG_5282.JPG, 1
IMG_2985.JPG, 9
IMG_7115.JPG, 6
IMG_7986.JPG, 5
IMG_4893.JPG, 6
IMG_8195.JPG, 0
IMG_3887.JPG, 1
IMG_4914.JPG, 10
IMG_7787.JPG, 2
IMG_2842.JPG, 2
IMG_7935.JPG, 4
IMG_6269.JPG, 4
PXL_20220307_215823995.jpg, 2
IMG_5263.JPG, 5
IMG_6725.JPG, 2
IMG_4028.JPG, 0
IMG_2693.JPG, 6
IMG_5273.JPG, 5
IMG_6076.JPG, 6
IMG_7720.JPG, 10
IMG_4952.JPG, 8
IMG_5150.JPG, 10
IMG_4696.JPG, 9
IMG_3792.JPG, 3
IMG_2477.JPG, 9
IMG_3929.JPG, 1
IMG_7673.JPG, 1
PXL_20220310_222054621.jpg, 5
IMG_7030.JPG, 3
IMG_6722.JPG, 2
IMG_3472.JPG, 2
IMG_7058.JPG, 1
IMG_4954.JPG, 8
PXL_20220310_222324465.MP.jpg, 3
IMG_2849.JPG, 2
IMG_2644.JPG, 1
IMG_4892.JPG, 6
IMG_7561.JPG, 0
IMG_6148.JPG, 10
IMG_3495.JPG, 2
IMG_2548.JPG, 5
IMG_8094.JPG, 5
PXL_20220310_224140086.jpg, 1
IMG_7154.JPG, 10
IMG_7139.JPG, 10
IMG_8101.JPG, 5
PXL_20220309_221701811.jpg, 9
IMG_2841.JPG, 2
IMG_7744.JPG, 10
IMG_5081.JPG, 6
PXL_20220309_223221950.jpg, 1
IMG_7203.JPG, 2
IMG_4005.JPG, 0
IMG_6932.JPG, 5
IMG_3842.JPG, 5
IMG_7316.JPG, 7
PXL_20220310_222323515.MP.jpg, 3
IMG_3345.JPG, 6
PXL_20220310_222754872.MP.jpg, 7
IMG_8136.JPG, 3
IMG_3036.JPG, 8
IMG_4065.JPG, 7
IMG_2869.JPG, 2
IMG_6192.JPG, 2
IMG_8906.JPG, 0
IMG_6241.JPG, 4
IMG_5286.JPG, 1
PXL_20220309_223010189.jpg, 2
PXL_20220309_221356009.jpg, 8
IMG_7953.JPG, 4
IMG_6496.JPG, 5
IMG_5421.JPG, 10
IMG_3041.JPG, 8
IMG_3364.JPG, 10
IMG_6568.JPG, 1
IMG_4797.JPG, 1
IMG_6433.JPG, 3
IMG_6083.JPG, 6
IMG_6833.JPG, 9
IMG_7263.JPG, 4
IMG_7052.JPG, 1
IMG_3235.JPG, 1
IMG_3744.JPG, 8
PXL_20220309_221843426.jpg, 4
PXL_20220310_223655507.jpg, 10
IMG_3160.JPG, 3
IMG_8542.JPG, 2
IMG_3242.JPG, 1
IMG_4907.JPG, 10
IMG_6427.JPG, 3
IMG_8086.JPG, 5
IMG_6102.JPG, 6
IMG_3219.JPG, 5
IMG_2891.JPG, 4
IMG_7740.JPG, 10
IMG_5008.JPG, 1
IMG_8296.JPG, 0
IMG_7922.JPG, 4
PXL_20220307_213619394.jpg, 5
PXL_20220309_222549001.jpg, 10
IMG_4990.JPG, 8
PXL_20220310_222549476.jpg, 9
PXL_20220307_215520972.jpg, 10
IMG_7750.JPG, 10
IMG_8370.JPG, 4
IMG_4520.JPG, 8
IMG_6926.JPG, 8
PXL_20220307_213553615.jpg, 5
IMG_5706.JPG, 4
IMG_6818.JPG, 7
IMG_5804.JPG, 9
IMG_2816.JPG, 10
IMG_6677.JPG, 2
IMG_3939.JPG, 4
PXL_20220310_222846074.jpg, 0
IMG_8913.JPG, 0
IMG_7157.JPG, 10
IMG_3456.JPG, 2
IMG_4726.JPG, 9
IMG_6035.JPG, 1
IMG_7312.JPG, 7
IMG_8197.JPG, 0
IMG_3506.JPG, 2
IMG_3912.JPG, 1
IMG_4705.JPG, 9
IMG_5372.JPG, 6
IMG_6703.JPG, 2
IMG_3014.JPG, 9
IMG_3954.JPG, 4
IMG_8208.JPG, 0
IMG_2833.JPG, 2
IMG_4865.JPG, 6
IMG_4541.JPG, 8
IMG_7172.JPG, 10
PXL_20220310_222808960.MP.jpg, 4
IMG_5103.JPG, 6
IMG_5299.JPG, 1
IMG_3753.JPG, 8
IMG_5947.JPG, 3
IMG_3335.JPG, 6
PXL_20220310_222538488.MP.jpg, 9
IMG_6679.JPG, 2
IMG_8093.JPG, 5
IMG_2949.JPG, 7
PXL_20220309_221532071.MP.jpg, 3
IMG_3260.JPG, 1
PXL_20220309_221405036.jpg, 3
IMG_2546.JPG, 5
IMG_5258.JPG, 5
IMG_2666.JPG, 6
IMG_6565.JPG, 1
IMG_2795.JPG, 10
IMG_5367.JPG, 6
IMG_3832.JPG, 3
IMG_4764.JPG, 5
IMG_6559.JPG, 1
IMG_5861.JPG, 8
IMG_8388.JPG, 4
IMG_6389.JPG, 8
IMG_6365.JPG, 9
IMG_7289.JPG, 4
IMG_6915.JPG, 8
PXL_20220307_214651786.jpg, 0
PXL_20220309_221456376.jpg, 3
IMG_7493.JPG, 2
IMG_7224.JPG, 2
IMG_6958.JPG, 5
IMG_3399.JPG, 10
IMG_4084.JPG, 7
IMG_8274.JPG, 3
IMG_5522.JPG, 7
IMG_4996.JPG, 8
IMG_6675.JPG, 10
IMG_2601.JPG, 3
IMG_7049.JPG, 1
IMG_6095.JPG, 6
IMG_5849.JPG, 9
IMG_3878.JPG, 5
IMG_5944.JPG, 3
IMG_6490.JPG, 5
IMG_4979.JPG, 8
IMG_3252.JPG, 1
IMG_2966.JPG, 7
IMG_8323.JPG, 0
IMG_3953.JPG, 4
PXL_20220310_222954492.jpg, 0
IMG_8013.JPG, 5
IMG_8541.JPG, 2
IMG_7308.JPG, 7
IMG_8052.JPG, 2
IMG_8226.JPG, 0
IMG_2957.JPG, 7
IMG_2935.JPG, 7
IMG_5416.JPG, 10
IMG_4700.JPG, 9
IMG_3438.JPG, 2
IMG_6130.JPG, 10
IMG_8268.JPG, 3
IMG_5013.JPG, 1
IMG_6173.JPG, 2
IMG_8472.JPG, 0
IMG_4017.JPG, 0
IMG_6452.JPG, 3
IMG_2355.JPG, 4
IMG_7104.JPG, 6
IMG_5151.JPG, 10
IMG_5782.JPG, 7
PXL_20220310_222702796.jpg, 7
PXL_20220310_223500989.jpg, 10
IMG_6337.JPG, 9
IMG_2838.JPG, 2
IMG_4874.JPG, 6
IMG_6107.JPG, 10
IMG_6670.JPG, 10
IMG_2830.JPG, 2
IMG_6951.JPG, 5
IMG_4888.JPG, 6
PXL_20220309_221626382.jpg, 9
IMG_3866.JPG, 5
IMG_4858.JPG, 6
IMG_2701.JPG, 6
IMG_3290.JPG, 6
IMG_8058.JPG, 2
IMG_2904.JPG, 4
IMG_6886.JPG, 8
PXL_20220307_215445433.jpg, 10
IMG_3283.JPG, 1
IMG_4997.JPG, 8
IMG_6262.JPG, 4
IMG_4920.JPG, 10
IMG_3876.JPG, 5
IMG_3691.JPG, 9
PXL_20220307_215257195.jpg, 1
IMG_3058.JPG, 8
IMG_6454.JPG, 3
IMG_7385.JPG, 9
IMG_6511.JPG, 5
IMG_5345.JPG, 6
IMG_7189.JPG, 2
IMG_3751.JPG, 8
IMG_7691.JPG, 1
IMG_6812.JPG, 7
IMG_4792.JPG, 5
IMG_5957.JPG, 5
IMG_3207.JPG, 5
IMG_7885.JPG, 0
PXL_20220310_223727625.jpg, 6
IMG_3597.JPG, 7
IMG_7054.JPG, 1
PXL_20220309_222617265.jpg, 6
IMG_8180.JPG, 0
IMG_7303.JPG, 7
IMG_3606.JPG, 7
IMG_4973.JPG, 8
IMG_3604.JPG, 7
PXL_20220310_222040027.jpg, 5
IMG_4918.JPG, 10
PXL_20220310_222448082.jpg, 9
IMG_2506.JPG, 8
PXL_20220310_222845246.jpg, 0
IMG_5823.JPG, 9
IMG_7951.JPG, 4
IMG_5353.JPG, 6
IMG_4898.JPG, 10
IMG_3962.JPG, 4
IMG_5313.JPG, 1
IMG_6642.JPG, 10
IMG_5316.JPG, 1
IMG_6831.JPG, 9
IMG_5240.JPG, 5
PXL_20220310_223554138.jpg, 6
IMG_2629.JPG, 3
IMG_6291.JPG, 7
IMG_2400.JPG, 0
PXL_20220309_222659255.MP.jpg, 10
IMG_7557.JPG, 0
IMG_4556.JPG, 3
IMG_2785.JPG, 10
IMG_5261.JPG, 5
IMG_7886.JPG, 0
IMG_3503.JPG, 2
IMG_6953.JPG, 5
IMG_5897.JPG, 8
IMG_6551.JPG, 1
IMG_6683.JPG, 2
IMG_6748.JPG, 4
PXL_20220310_223915613.jpg, 2
IMG_6386.JPG, 8
IMG_3407.JPG, 10
PXL_20220310_222719462.jpg, 7
IMG_6195.JPG, 2
IMG_7682.JPG, 1
IMG_8297.JPG, 0
IMG_3352.JPG, 6
IMG_3220.JPG, 5
IMG_2489.JPG, 9
IMG_6610.JPG, 6
IMG_5140.JPG, 10
PXL_20220307_215113943.jpg, 1
IMG_8927.JPG, 0
PXL_20220310_223703162.jpg, 6
IMG_7044.JPG, 1
PXL_20220307_215726681.jpg, 2
IMG_3052.JPG, 8
IMG_5818.JPG, 9
IMG_3367.JPG, 10
IMG_7032.JPG, 1
IMG_6001.JPG, 5
IMG_3994.JPG, 0
IMG_3681.JPG, 9
IMG_7434.JPG, 6
IMG_7757.JPG, 10
IMG_6170.JPG, 2
IMG_5473.JPG, 9
IMG_5812.JPG, 9
IMG_6140.JPG, 10
IMG_4740.JPG, 9
PXL_20220310_223053416.MP.jpg, 4
IMG_7997.JPG, 5
IMG_6975.JPG, 5
IMG_6151.JPG, 10
IMG_8364.JPG, 4
IMG_4560.JPG, 3
IMG_4026.JPG, 0
IMG_6166.JPG, 2
IMG_4027.JPG, 0
IMG_2879.JPG, 4
IMG_7799.JPG, 2
IMG_5988.JPG, 5
IMG_6672.JPG, 10
IMG_2505.JPG, 8
IMG_7590.JPG, 9
IMG_5556.JPG, 0
IMG_3875.JPG, 5
IMG_7806.JPG, 2
IMG_2810.JPG, 10
IMG_6064.JPG, 6
IMG_3145.JPG, 3
IMG_7382.JPG, 9
PXL_20220309_222234146.jpg, 4
PXL_20220310_223039775.jpg, 4
IMG_5487.JPG, 7
IMG_6856.JPG, 9
IMG_6062.JPG, 6
IMG_3957.JPG, 4
IMG_7936.JPG, 4
PXL_20220309_222845927.jpg, 2
IMG_4777.JPG, 5
IMG_5147.JPG, 10
IMG_3755.JPG, 8
IMG_2972.JPG, 7
PXL_20220310_224218597.jpg, 1
IMG_2519.JPG, 8
IMG_5334.JPG, 6
IMG_3182.JPG, 5
IMG_6706.JPG, 2
IMG_4935.JPG, 10
IMG_4077.JPG, 7
IMG_6808.JPG, 7
IMG_5124.JPG, 10
IMG_8471.JPG, 0
IMG_5489.JPG, 7
IMG_7991.JPG, 5
IMG_5877.JPG, 8
IMG_3440.JPG, 2
IMG_7531.JPG, 0
IMG_7728.JPG, 10
IMG_5329.JPG, 6
IMG_3830.JPG, 3
IMG_8223.JPG, 0
IMG_6437.JPG, 3
IMG_5871.JPG, 8
IMG_6363.JPG, 9
IMG_4563.JPG, 3
IMG_5121.JPG, 10
IMG_2864.JPG, 2
PXL_20220309_221221875.jpg, 8
IMG_3169.JPG, 3
IMG_8177.JPG, 0
IMG_5821.JPG, 9
IMG_7417.JPG, 6
IMG_6287.JPG, 7
IMG_6413.JPG, 8
IMG_6938.JPG, 5
IMG_3798.JPG, 3
IMG_8245.JPG, 3
IMG_5561.JPG, 0
IMG_5760.JPG, 7
IMG_7485.JPG, 2
IMG_8227.JPG, 0
IMG_6055.JPG, 6
IMG_5953.JPG, 3
IMG_5268.JPG, 5
IMG_6875.JPG, 9
IMG_6311.JPG, 7
IMG_3378.JPG, 10
IMG_5089.JPG, 6
IMG_7357.JPG, 9
IMG_2874.JPG, 4
IMG_8894.JPG, 0
IMG_7779.JPG, 2
IMG_8916.JPG, 0
IMG_3943.JPG, 4
IMG_6360.JPG, 9
IMG_6889.JPG, 8
PXL_20220307_215559533.jpg, 10
IMG_7995.JPG, 5
IMG_7925.JPG, 4
IMG_6401.JPG, 8
IMG_6533.JPG, 1
IMG_2538.JPG, 5
PXL_20220310_222025742.jpg, 5
IMG_3270.JPG, 1
IMG_6022.JPG, 1
IMG_7637.JPG, 8
IMG_4050.JPG, 7
IMG_6827.JPG, 7
IMG_2976.JPG, 9
IMG_8924.JPG, 0
PXL_20220310_223637008.jpg, 10
IMG_8032.JPG, 2
IMG_6327.JPG, 9
IMG_7577.JPG, 9
IMG_4737.JPG, 9
IMG_5185.JPG, 8
PXL_20220310_222930090.jpg, 0
IMG_6057.JPG, 6
IMG_5026.JPG, 1
IMG_8335.JPG, 0
IMG_5803.JPG, 7
IMG_5544.JPG, 0
IMG_5063.JPG, 6
PXL_20220310_223926363.jpg, 2
IMG_7354.JPG, 9
PXL_20220310_223838036.jpg, 2
IMG_6799.JPG, 7
IMG_5528.JPG, 0
IMG_6593.JPG, 6
IMG_5990.JPG, 5
IMG_3897.JPG, 1
IMG_2474.JPG, 9
IMG_4655.JPG, 7
IMG_6734.JPG, 4
IMG_3469.JPG, 2
IMG_2534.JPG, 8
IMG_7174.JPG, 10
IMG_2855.JPG, 2
IMG_6256.JPG, 4
IMG_5351.JPG, 6
IMG_6409.JPG, 8
IMG_7743.JPG, 10
IMG_7307.JPG, 7
IMG_3789.JPG, 3
IMG_7137.JPG, 10
IMG_7181.JPG, 10
PXL_20220310_224219669.jpg, 1
IMG_3228.JPG, 5
IMG_4713.JPG, 9
IMG_7642.JPG, 8
IMG_6633.JPG, 10
IMG_7091.JPG, 6
IMG_3849.JPG, 5
IMG_6315.JPG, 7
IMG_5996.JPG, 5
IMG_5541.JPG, 0
PXL_20220309_222810776.jpg, 6
IMG_4975.JPG, 8
IMG_5404.JPG, 10
IMG_6614.JPG, 6
IMG_6034.JPG, 1
IMG_3263.JPG, 1
IMG_3443.JPG, 2
IMG_6876.JPG, 9
IMG_6187.JPG, 2
IMG_7460.JPG, 2
IMG_3497.JPG, 2
IMG_3167.JPG, 3
IMG_4567.JPG, 3
IMG_8538.JPG, 2
IMG_2894.JPG, 4
IMG_5462.JPG, 9
IMG_6849.JPG, 9
IMG_6330.JPG, 9
IMG_7671.JPG, 1
IMG_2616.JPG, 3
IMG_3596.JPG, 7
IMG_8356.JPG, 4
IMG_3988.JPG, 0
IMG_2562.JPG, 5
IMG_8106.JPG, 5
IMG_2975.JPG, 9
IMG_2391.JPG, 0
IMG_5403.JPG, 10
IMG_7664.JPG, 8
IMG_6261.JPG, 4
PXL_20220307_214428576.jpg, 4
IMG_6834.JPG, 9
PXL_20220310_222711122.MP.jpg, 4
IMG_6905.JPG, 8
IMG_2537.JPG, 5
IMG_3142.JPG, 3
IMG_7915.JPG, 0
IMG_7654.JPG, 8
PXL_20220310_222345390.jpg, 3
IMG_5954.JPG, 5
IMG_5054.JPG, 6
IMG_3168.JPG, 3
IMG_6730.JPG, 4
IMG_6790.JPG, 7
IMG_4519.JPG, 8
IMG_8460.JPG, 0
IMG_4075.JPG, 7
IMG_7359.JPG, 9
IMG_7436.JPG, 6
IMG_5798.JPG, 7
IMG_7356.JPG, 9
IMG_6431.JPG, 3
IMG_5942.JPG, 3
IMG_3804.JPG, 3
IMG_3740.JPG, 8
IMG_7586.JPG, 9
IMG_6697.JPG, 2
IMG_6590.JPG, 6
IMG_5272.JPG, 5
IMG_3919.JPG, 1
IMG_7569.JPG, 9
IMG_3518.JPG, 2
IMG_3502.JPG, 2
IMG_4762.JPG, 5
IMG_2619.JPG, 3
IMG_3590.JPG, 4
IMG_3470.JPG, 2
IMG_6252.JPG, 4
IMG_3362.JPG, 10
IMG_6163.JPG, 2
IMG_5553.JPG, 0
IMG_3043.JPG, 8
IMG_6447.JPG, 3
IMG_6492.JPG, 5
IMG_8337.JPG, 0
IMG_6783.JPG, 7
IMG_3950.JPG, 4
IMG_4013.JPG, 0
IMG_2565.JPG, 5
IMG_5021.JPG, 1
IMG_5705.JPG, 4
IMG_2487.JPG, 9
IMG_5226.JPG, 5
IMG_5216.JPG, 8
IMG_3554.JPG, 4
IMG_4839.JPG, 1
IMG_5707.JPG, 4
IMG_7138.JPG, 10
IMG_8510.JPG, 2
IMG_5534.JPG, 0
IMG_8095.JPG, 5
IMG_8265.JPG, 3
IMG_4657.JPG, 7
IMG_4087.JPG, 7
IMG_3874.JPG, 5
IMG_3488.JPG, 2
IMG_2990.JPG, 9
IMG_3246.JPG, 1
IMG_7423.JPG, 6
IMG_2918.JPG, 4
IMG_8281.JPG, 3
IMG_2347.JPG, 4
IMG_6284.JPG, 7
IMG_3747.JPG, 8
IMG_5066.JPG, 6
IMG_4880.JPG, 6
IMG_7299.JPG, 7
IMG_8132.JPG, 3
IMG_6265.JPG, 4
IMG_5196.JPG, 8
IMG_6383.JPG, 8
IMG_4575.JPG, 3
PXL_20220309_222047870.MP.jpg, 0
IMG_3603.JPG, 7
IMG_7218.JPG, 2
IMG_6638.JPG, 10
IMG_8302.JPG, 0
IMG_4576.JPG, 3
IMG_5239.JPG, 5
IMG_6011.JPG, 1
IMG_4899.JPG, 10
IMG_3886.JPG, 1
PXL_20220309_223253033.jpg, 1
IMG_6747.JPG, 4
IMG_5270.JPG, 5
IMG_6743.JPG, 4
IMG_3184.JPG, 5
IMG_2836.JPG, 2
IMG_5784.JPG, 7
IMG_7126.JPG, 6
IMG_7179.JPG, 10
IMG_5385.JPG, 10
IMG_7123.JPG, 6
IMG_5134.JPG, 10
IMG_6541.JPG, 1
IMG_7093.JPG, 6
IMG_2414.JPG, 7
IMG_2533.JPG, 8
IMG_3492.JPG, 2
IMG_6436.JPG, 3
IMG_6099.JPG, 6
IMG_6813.JPG, 7
PXL_20220309_221131531.jpg, 8
IMG_7092.JPG, 6
IMG_2541.JPG, 5
IMG_5079.JPG, 6
IMG_7971.JPG, 5
IMG_3045.JPG, 8
IMG_2602.JPG, 3
IMG_8352.JPG, 4
IMG_7677.JPG, 1
IMG_5857.JPG, 8
IMG_6335.JPG, 9
IMG_4016.JPG, 0
IMG_5520.JPG, 7
IMG_3946.JPG, 4
IMG_2502.JPG, 8
IMG_3331.JPG, 6
IMG_7055.JPG, 1
IMG_5992.JPG, 5
IMG_7660.JPG, 8
IMG_6705.JPG, 2
IMG_8267.JPG, 3
IMG_2480.JPG, 9
IMG_8318.JPG, 0
IMG_5569.JPG, 0
IMG_5786.JPG, 7
IMG_3186.JPG, 5
IMG_8263.JPG, 3
PXL_20220307_215708420.jpg, 2
IMG_5022.JPG, 1
IMG_5922.JPG, 3
IMG_3910.JPG, 1
IMG_6611.JPG, 6
IMG_4533.JPG, 8
IMG_8536.JPG, 2
IMG_5925.JPG, 3
IMG_5230.JPG, 5
IMG_6547.JPG, 1
IMG_2387.JPG, 0
IMG_3458.JPG, 2
IMG_5483.JPG, 7
IMG_7655.JPG, 8
IMG_3745.JPG, 8
IMG_7692.JPG, 1
IMG_4059.JPG, 7
IMG_7186.JPG, 2
IMG_6190.JPG, 2
IMG_2812.JPG, 10
IMG_4716.JPG, 9
IMG_3436.JPG, 10
IMG_7571.JPG, 9
IMG_2529.JPG, 8
IMG_5554.JPG, 0
IMG_5127.JPG, 10
IMG_6893.JPG, 8
IMG_8247.JPG, 3
IMG_6901.JPG, 8
IMG_5337.JPG, 6
IMG_2835.JPG, 2
IMG_7749.JPG, 10
IMG_6963.JPG, 5
IMG_6236.JPG, 4
IMG_8178.JPG, 0
IMG_7911.JPG, 0
IMG_7616.JPG, 8
IMG_7555.JPG, 0
IMG_7987.JPG, 5
PXL_20220309_221236320.jpg, 8
IMG_3505.JPG, 2
IMG_5413.JPG, 10
IMG_2461.JPG, 9
PXL_20220309_221355001.MP.jpg, 8
IMG_5564.JPG, 0
IMG_6082.JPG, 6
IMG_3958.JPG, 4
IMG_2805.JPG, 10
IMG_2540.JPG, 5
IMG_5872.JPG, 8
IMG_8056.JPG, 2
IMG_3391.JPG, 10
PXL_20220309_221627080.jpg, 9
IMG_2608.JPG, 3
IMG_6503.JPG, 5
IMG_7002.JPG, 3
IMG_7211.JPG, 2
IMG_3259.JPG, 1
IMG_7990.JPG, 5
IMG_3222.JPG, 5
IMG_2782.JPG, 10
IMG_7095.JPG, 6
IMG_8215.JPG, 0
IMG_3920.JPG, 1
IMG_6422.JPG, 8
IMG_7870.JPG, 0
PXL_20220310_221934254.jpg, 8
IMG_5507.JPG, 7
IMG_6333.JPG, 9
IMG_5904.JPG, 3
IMG_5471.JPG, 9
IMG_8112.JPG, 5
IMG_7930.JPG, 4
PXL_20220310_222313199.jpg, 3
IMG_7086.JPG, 6
IMG_7258.JPG, 4
IMG_3508.JPG, 2
PXL_20220310_222241638.MP.jpg, 3
IMG_3347.JPG, 6
IMG_5111.JPG, 10
IMG_7098.JPG, 6
IMG_7633.JPG, 8
IMG_2413.JPG, 7
IMG_3491.JPG, 2
IMG_3980.JPG, 4
IMG_2704.JPG, 6
IMG_6676.JPG, 2
IMG_3738.JPG, 8
IMG_5799.JPG, 7
IMG_7994.JPG, 5
IMG_2907.JPG, 4
IMG_4817.JPG, 1
PXL_20220309_222017641.jpg, 0
IMG_5434.JPG, 9
IMG_6855.JPG, 9
IMG_4721.JPG, 9
IMG_4579.JPG, 3
IMG_2630.JPG, 3
IMG_5269.JPG, 5
IMG_2924.JPG, 7
PXL_20220310_222032602.MP.jpg, 8
IMG_6153.JPG, 10
IMG_4917.JPG, 10
IMG_3479.JPG, 2
IMG_2443.JPG, 7
IMG_7342.JPG, 7
IMG_7494.JPG, 2
IMG_8108.JPG, 5
IMG_7005.JPG, 3
IMG_7656.JPG, 8
IMG_6050.JPG, 1
IMG_6010.JPG, 1
IMG_7153.JPG, 10
IMG_4959.JPG, 8
IMG_7265.JPG, 4
IMG_3201.JPG, 5
IMG_4496.JPG, 8
IMG_6853.JPG, 9
IMG_5422.JPG, 10
IMG_6472.JPG, 3
IMG_4675.JPG, 7
IMG_8253.JPG, 3
IMG_6719.JPG, 2
IMG_7706.JPG, 1
IMG_3895.JPG, 1
PXL_20220310_223440957.jpg, 6
IMG_5010.JPG, 1
PXL_20220307_214418071.jpg, 7
PXL_20220309_221640573.jpg, 9
PXL_20220310_221950508.jpg, 8
IMG_4493.JPG, 8
IMG_7227.JPG, 2
IMG_7628.JPG, 8
IMG_3995.JPG, 0
IMG_7883.JPG, 0
IMG_2440.JPG, 7
IMG_4941.JPG, 10
IMG_8105.JPG, 5
IMG_7167.JPG, 10
IMG_6648.JPG, 10
IMG_6098.JPG, 6
IMG_8326.JPG, 0
IMG_8206.JPG, 0
IMG_8064.JPG, 2
IMG_3968.JPG, 4
IMG_6961.JPG, 5
IMG_2825.JPG, 2
IMG_4004.JPG, 0
IMG_8053.JPG, 2
IMG_5885.JPG, 8
IMG_6513.JPG, 5
IMG_6093.JPG, 6
IMG_4987.JPG, 8
IMG_8298.JPG, 0
PXL_20220310_222410746.jpg, 3
IMG_8078.JPG, 5
IMG_6869.JPG, 9
IMG_5909.JPG, 3
IMG_6796.JPG, 7
IMG_5508.JPG, 7
IMG_6030.JPG, 1
IMG_6402.JPG, 8
IMG_3008.JPG, 9
IMG_4823.JPG, 1
IMG_8159.JPG, 3
IMG_5892.JPG, 8
IMG_7972.JPG, 5
IMG_5726.JPG, 4
IMG_3651.JPG, 9
IMG_7595.JPG, 9
IMG_7606.JPG, 9
IMG_3913.JPG, 1
IMG_3811.JPG, 3
IMG_3917.JPG, 1
IMG_7632.JPG, 8
IMG_7966.JPG, 5
IMG_4543.JPG, 3
IMG_5052.JPG, 1
IMG_2890.JPG, 4
IMG_6478.JPG, 5
PXL_20220309_221019160.jpg, 5
IMG_8465.JPG, 0
IMG_6488.JPG, 5
IMG_3615.JPG, 7
IMG_7809.JPG, 2
IMG_4081.JPG, 7
IMG_7582.JPG, 9
IMG_7775.JPG, 2
IMG_2827.JPG, 2
IMG_5543.JPG, 0
IMG_7645.JPG, 8
IMG_2798.JPG, 10
IMG_8077.JPG, 5
IMG_6160.JPG, 2
IMG_6536.JPG, 1
IMG_7998.JPG, 5
IMG_2463.JPG, 9
IMG_3385.JPG, 10
IMG_6597.JPG, 6
IMG_7486.JPG, 2
IMG_6554.JPG, 1
IMG_8308.JPG, 0
IMG_5374.JPG, 6
PXL_20220309_222919572.jpg, 2
IMG_5375.JPG, 10
IMG_2648.JPG, 1
IMG_4943.JPG, 10
PXL_20220309_222005846.jpg, 7
IMG_2802.JPG, 10
IMG_4746.JPG, 5
IMG_3136.JPG, 3
IMG_5387.JPG, 10
IMG_7574.JPG, 9
IMG_8526.JPG, 2
IMG_5978.JPG, 5
IMG_8911.JPG, 0
IMG_7204.JPG, 2
PXL_20220310_222016837.jpg, 8
IMG_5187.JPG, 8
IMG_3861.JPG, 5
IMG_7105.JPG, 6
IMG_6397.JPG, 8
IMG_6508.JPG, 5
IMG_3977.JPG, 4
IMG_6897.JPG, 8
IMG_7593.JPG, 9
PXL_20220310_222610453.jpg, 7
IMG_6251.JPG, 4
IMG_2831.JPG, 2
IMG_2372.JPG, 4
IMG_6760.JPG, 4
IMG_6232.JPG, 4
IMG_3193.JPG, 5
IMG_6188.JPG, 2
PXL_20220309_221532778.jpg, 3
IMG_5455.JPG, 9
IMG_8277.JPG, 3
IMG_5056.JPG, 6
PXL_20220309_221455389.MP.jpg, 3
IMG_7353.JPG, 9
IMG_5981.JPG, 5
IMG_5509.JPG, 7
IMG_7175.JPG, 10
IMG_6934.JPG, 5
IMG_8212.JPG, 0
IMG_4518.JPG, 8
IMG_6752.JPG, 4
IMG_2488.JPG, 9
IMG_4765.JPG, 5
PXL_20220310_223421828.jpg, 6
IMG_6663.JPG, 10
PXL_20220309_222737043.jpg, 6
IMG_7074.JPG, 1
IMG_3192.JPG, 5
IMG_5236.JPG, 5
IMG_5562.JPG, 0
IMG_6139.JPG, 10
IMG_4679.JPG, 7
IMG_7068.JPG, 1
IMG_3736.JPG, 8
IMG_7700.JPG, 1
IMG_2668.JPG, 6
IMG_4504.JPG, 8
IMG_3816.JPG, 3
IMG_2406.JPG, 0
IMG_3073.JPG, 8
IMG_8211.JPG, 0
IMG_3611.JPG, 7
PXL_20220307_214320624.jpg, 7
PXL_20220309_222134190.jpg, 0
IMG_2963.JPG, 7
IMG_4046.JPG, 7
IMG_3664.JPG, 9
IMG_6585.JPG, 6
IMG_6234.JPG, 4
IMG_2818.JPG, 10
IMG_5088.JPG, 6
IMG_5840.JPG, 9
IMG_6423.JPG, 8
IMG_4808.JPG, 1
IMG_8218.JPG, 0
IMG_8940.JPG, 0
IMG_2535.JPG, 5
IMG_3791.JPG, 3
IMG_2402.JPG, 0
IMG_7802.JPG, 2
IMG_7912.JPG, 0
IMG_3038.JPG, 8
IMG_6432.JPG, 3
IMG_2824.JPG, 2
IMG_5320.JPG, 1
PXL_20220309_223354909.MP.jpg, 1
IMG_8449.JPG, 0
IMG_4546.JPG, 3
IMG_3300.JPG, 6
IMG_3388.JPG, 10
IMG_7418.JPG, 6
IMG_4707.JPG, 9
IMG_2501.JPG, 8
PXL_20220307_214142856.jpg, 9
IMG_7570.JPG, 9
IMG_6502.JPG, 5
IMG_8283.JPG, 3
IMG_5393.JPG, 10
IMG_7080.JPG, 1
IMG_8012.JPG, 5
PXL_20220310_222107677.MP.jpg, 5
PXL_20220310_222804873.jpg, 7
IMG_7944.JPG, 4
IMG_5552.JPG, 0
IMG_7869.JPG, 0
IMG_2569.JPG, 5
PXL_20220309_222700059.MP.jpg, 10
PXL_20220307_215302061.jpg, 6
IMG_3779.JPG, 8
IMG_3817.JPG, 3
IMG_8431.JPG, 0
IMG_5826.JPG, 9
IMG_5855.JPG, 8
IMG_6070.JPG, 6
IMG_6491.JPG, 5
IMG_8470.JPG, 0
IMG_5838.JPG, 9
IMG_8186.JPG, 0
IMG_8529.JPG, 2
IMG_8414.JPG, 0
IMG_4796.JPG, 1
IMG_6913.JPG, 8
IMG_6194.JPG, 2
IMG_6485.JPG, 5
IMG_6039.JPG, 1
PXL_20220309_221045548.jpg, 5
IMG_8133.JPG, 3
IMG_4980.JPG, 8
IMG_5850.JPG, 9
IMG_6546.JPG, 1
IMG_5451.JPG, 9
IMG_5833.JPG, 9
IMG_6259.JPG, 4
IMG_3652.JPG, 9
IMG_7197.JPG, 2
IMG_4972.JPG, 8
IMG_4553.JPG, 3
IMG_3564.JPG, 4
IMG_7693.JPG, 1
IMG_3983.JPG, 4
PXL_20220309_221037762.jpg, 5
IMG_6691.JPG, 2
IMG_4523.JPG, 8
IMG_7981.JPG, 5
IMG_6978.JPG, 5
IMG_8475.JPG, 0
IMG_8897.JPG, 0
IMG_7786.JPG, 2
IMG_6407.JPG, 8
IMG_4040.JPG, 7
IMG_7631.JPG, 8
IMG_3859.JPG, 5
IMG_7790.JPG, 2
IMG_6653.JPG, 10
IMG_5311.JPG, 1
IMG_6247.JPG, 4
IMG_2652.JPG, 1
IMG_6191.JPG, 2
IMG_4853.JPG, 6
IMG_2665.JPG, 6
IMG_7430.JPG, 6
PXL_20220310_222158578.MP.jpg, 8
IMG_7081.JPG, 1
IMG_5824.JPG, 9
IMG_7392.JPG, 9
IMG_4064.JPG, 7
PXL_20220310_222941610.jpg, 0
IMG_8317.JPG, 0
IMG_6277.JPG, 7
IMG_7152.JPG, 10
IMG_3942.JPG, 4
IMG_3268.JPG, 1
IMG_3273.JPG, 1
IMG_5184.JPG, 8
IMG_2590.JPG, 3
IMG_8060.JPG, 2
IMG_7394.JPG, 9
IMG_6156.JPG, 2
IMG_7872.JPG, 0
IMG_7589.JPG, 9
PXL_20220310_222024827.MP.jpg, 5
IMG_5107.JPG, 10
IMG_5999.JPG, 5
IMG_4547.JPG, 3
IMG_7810.JPG, 2
IMG_5177.JPG, 8
IMG_7352.JPG, 9
IMG_3796.JPG, 3
IMG_4930.JPG, 10
IMG_6939.JPG, 5
IMG_8937.JPG, 0
IMG_6203.JPG, 2
IMG_6414.JPG, 8
IMG_3930.JPG, 1
PXL_20220309_221920757.jpg, 4
IMG_6329.JPG, 9
IMG_7383.JPG, 9
IMG_7798.JPG, 2
IMG_5386.JPG, 10
IMG_2447.JPG, 7
IMG_5409.JPG, 10
IMG_8422.JPG, 0
IMG_8033.JPG, 2
PXL_20220310_223518178.jpg, 6
IMG_3227.JPG, 5
IMG_6308.JPG, 7
IMG_5349.JPG, 6
IMG_2789.JPG, 10
IMG_3757.JPG, 8
IMG_7695.JPG, 1
IMG_5276.JPG, 1
PXL_20220309_222145173.jpg, 0
IMG_3520.JPG, 2
IMG_2962.JPG, 7
IMG_4573.JPG, 3
IMG_6884.JPG, 8
IMG_8544.JPG, 2
IMG_3944.JPG, 4
PXL_20220309_221148490.MP.jpg, 8
PXL_20220309_222529797.jpg, 10
IMG_5062.JPG, 6
IMG_5516.JPG, 7
IMG_7980.JPG, 5
PXL_20220309_221836757.jpg, 7
IMG_7952.JPG, 4
PXL_20220309_220948819.jpg, 5
IMG_5529.JPG, 0
IMG_4921.JPG, 10
IMG_6514.JPG, 5
IMG_7162.JPG, 10
IMG_4719.JPG, 9
IMG_7477.JPG, 2
IMG_2446.JPG, 7
IMG_8483.JPG, 0
IMG_4042.JPG, 7
PXL_20220307_215539805.jpg, 10
IMG_6988.JPG, 3
IMG_6891.JPG, 8
IMG_6698.JPG, 2
IMG_6604.JPG, 6
IMG_8188.JPG, 0
IMG_3858.JPG, 5
IMG_6851.JPG, 9
IMG_4897.JPG, 10
IMG_5044.JPG, 1
IMG_4082.JPG, 7
PXL_20220310_222344691.jpg, 3
IMG_5834.JPG, 9
IMG_8501.JPG, 0
PXL_20220309_221919897.MP.jpg, 4
IMG_3815.JPG, 3
IMG_3153.JPG, 3
IMG_7551.JPG, 0
IMG_4056.JPG, 7
IMG_3411.JPG, 10
IMG_4062.JPG, 7
IMG_3869.JPG, 5
IMG_6980.JPG, 5
IMG_8288.JPG, 3
IMG_8353.JPG, 4
IMG_3360.JPG, 6
PXL_20220309_221223615.jpg, 8
IMG_2779.JPG, 10
IMG_3829.JPG, 3
IMG_2459.JPG, 9
IMG_8204.JPG, 0
IMG_7313.JPG, 7
IMG_6847.JPG, 9
IMG_3775.JPG, 8
IMG_6842.JPG, 9
IMG_6499.JPG, 5
IMG_3166.JPG, 3
PXL_20220307_214752846.jpg, 4
IMG_6861.JPG, 9
IMG_4818.JPG, 1
IMG_6400.JPG, 8
IMG_5309.JPG, 1
IMG_3213.JPG, 5
IMG_5837.JPG, 9
IMG_8242.JPG, 3
IMG_4701.JPG, 9
IMG_5055.JPG, 6
IMG_8366.JPG, 4
IMG_3512.JPG, 2
IMG_7762.JPG, 10
IMG_2803.JPG, 10
IMG_2485.JPG, 9
IMG_5757.JPG, 7
IMG_5484.JPG, 7
IMG_5100.JPG, 6
IMG_2697.JPG, 6
IMG_3555.JPG, 4
IMG_6816.JPG, 7
IMG_4805.JPG, 1
IMG_3065.JPG, 8
IMG_7753.JPG, 10
IMG_4768.JPG, 5
IMG_8183.JPG, 0
IMG_2389.JPG, 0
IMG_6945.JPG, 5
IMG_3229.JPG, 5
IMG_2921.JPG, 4
IMG_3022.JPG, 8
IMG_6108.JPG, 10
IMG_7615.JPG, 8
IMG_5247.JPG, 5
IMG_6349.JPG, 9
IMG_6539.JPG, 1
IMG_6863.JPG, 9
IMG_8486.JPG, 0
IMG_6008.JPG, 1
IMG_6836.JPG, 9
IMG_2622.JPG, 3
IMG_8219.JPG, 0
IMG_4828.JPG, 1
IMG_7260.JPG, 4
IMG_8168.JPG, 3
IMG_5862.JPG, 8
IMG_8502.JPG, 2
IMG_5836.JPG, 9
IMG_3232.JPG, 1
IMG_7492.JPG, 2
IMG_6908.JPG, 8
IMG_5560.JPG, 0
IMG_4562.JPG, 3
IMG_5253.JPG, 5
IMG_4069.JPG, 7
PXL_20220310_224242600.jpg, 1
IMG_6787.JPG, 7
IMG_7301.JPG, 7
IMG_5445.JPG, 9
IMG_4916.JPG, 10
IMG_2442.JPG, 7
IMG_5251.JPG, 5
IMG_6806.JPG, 7
IMG_8372.JPG, 4
IMG_6517.JPG, 5
IMG_4999.JPG, 8
IMG_7976.JPG, 5
IMG_6561.JPG, 1
IMG_3906.JPG, 1
PXL_20220309_222035183.MP.jpg, 0
IMG_5920.JPG, 3
PXL_20220309_222048772.jpg, 0
IMG_6692.JPG, 2
IMG_5842.JPG, 9
IMG_8252.JPG, 3
IMG_8500.JPG, 0
IMG_6731.JPG, 4
IMG_4031.JPG, 0
IMG_8517.JPG, 2
IMG_3981.JPG, 4
IMG_4732.JPG, 9
IMG_6634.JPG, 10
IMG_7200.JPG, 2
IMG_7118.JPG, 6
IMG_2481.JPG, 9
IMG_4861.JPG, 6
IMG_3271.JPG, 1
IMG_3490.JPG, 2
IMG_7216.JPG, 2
IMG_7717.JPG, 10
PXL_20220309_220946807.MP.jpg, 5
IMG_3265.JPG, 1
PXL_20220309_221725163.jpg, 9
IMG_8301.JPG, 0
IMG_6042.JPG, 1
IMG_6846.JPG, 9
IMG_7164.JPG, 10
IMG_5087.JPG, 6
IMG_6898.JPG, 8
IMG_6571.JPG, 1
IMG_6355.JPG, 9
IMG_5303.JPG, 1
IMG_6678.JPG, 2
IMG_2672.JPG, 6
IMG_3325.JPG, 6
IMG_4568.JPG, 3
PXL_20220310_223715355.MP.jpg, 6
IMG_8146.JPG, 3
IMG_4970.JPG, 8
IMG_7877.JPG, 0
IMG_6270.JPG, 4
IMG_4816.JPG, 1
IMG_3677.JPG, 9
IMG_6376.JPG, 8
IMG_3437.JPG, 2
IMG_7974.JPG, 5
IMG_7155.JPG, 10
IMG_5364.JPG, 6
IMG_7583.JPG, 9
IMG_7813.JPG, 2
IMG_6257.JPG, 4
IMG_4022.JPG, 0
IMG_6749.JPG, 4
IMG_6569.JPG, 1
IMG_6015.JPG, 1
IMG_6353.JPG, 9
IMG_3896.JPG, 1
IMG_6111.JPG, 10
IMG_3257.JPG, 1
IMG_8515.JPG, 2
IMG_3928.JPG, 1
IMG_5919.JPG, 3
PXL_20220309_221600900.jpg, 9
IMG_3017.JPG, 9
IMG_6923.JPG, 8
PXL_20220310_223435630.MP.jpg, 10
IMG_8504.JPG, 2
IMG_6246.JPG, 4
IMG_7708.JPG, 1
PXL_20220309_223010950.MP.jpg, 2
IMG_4652.JPG, 7
IMG_3264.JPG, 1
IMG_8137.JPG, 3
IMG_6509.JPG, 5
IMG_7140.JPG, 10
IMG_3049.JPG, 8
IMG_8331.JPG, 0
IMG_5350.JPG, 6
IMG_6821.JPG, 7
IMG_5497.JPG, 7
IMG_2640.JPG, 1
IMG_6579.JPG, 6
IMG_5476.JPG, 7
IMG_7661.JPG, 8
IMG_4581.JPG, 3
IMG_8082.JPG, 5
IMG_2478.JPG, 9
IMG_3462.JPG, 2
IMG_3667.JPG, 9
IMG_2633.JPG, 1
IMG_4724.JPG, 9
IMG_5176.JPG, 8
IMG_2796.JPG, 10
IMG_7741.JPG, 10
IMG_6522.JPG, 5
IMG_6253.JPG, 4
IMG_7617.JPG, 8
PXL_20220309_221412993.jpg, 3
IMG_2660.JPG, 1
IMG_5912.JPG, 3
IMG_7066.JPG, 1
IMG_7868.JPG, 0
IMG_5112.JPG, 10
IMG_4936.JPG, 10
IMG_5781.JPG, 7
IMG_2374.JPG, 0
PXL_20220309_222205654.jpg, 4
PXL_20220309_221525024.jpg, 3
IMG_7315.JPG, 7
IMG_5539.JPG, 0
IMG_7643.JPG, 8
IMG_8426.JPG, 0
IMG_2811.JPG, 10
IMG_3280.JPG, 1
IMG_4933.JPG, 10
IMG_3037.JPG, 8
IMG_3125.JPG, 3
IMG_3029.JPG, 8
IMG_3221.JPG, 5
IMG_7064.JPG, 1
IMG_3542.JPG, 4
IMG_3992.JPG, 0
IMG_7945.JPG, 4
PXL_20220307_214027941.jpg, 3
PXL_20220309_222036156.jpg, 0
IMG_2878.JPG, 4
IMG_7635.JPG, 8
IMG_3348.JPG, 6
IMG_4909.JPG, 10
IMG_6625.JPG, 6
IMG_6494.JPG, 5
IMG_2992.JPG, 9
IMG_7765.JPG, 2
IMG_5526.JPG, 7
IMG_2591.JPG, 3
PXL_20220309_222204849.jpg, 4
PXL_20220309_221028077.MP.jpg, 5
IMG_4510.JPG, 8
IMG_4053.JPG, 7
IMG_8447.JPG, 0
IMG_4731.JPG, 9
IMG_7746.JPG, 10
IMG_7142.JPG, 10
IMG_7212.JPG, 2
IMG_6574.JPG, 1
IMG_5426.JPG, 9
IMG_2593.JPG, 3
IMG_3044.JPG, 8
IMG_7605.JPG, 9
IMG_7581.JPG, 9
IMG_4928.JPG, 10
IMG_5458.JPG, 9
IMG_3244.JPG, 1
IMG_5312.JPG, 1
IMG_6941.JPG, 5
IMG_5961.JPG, 5
IMG_3631.JPG, 7
IMG_2522.JPG, 8
IMG_6334.JPG, 9
IMG_5715.JPG, 4
IMG_8079.JPG, 5
IMG_2486.JPG, 9
PXL_20220307_215847089.jpg, 2
IMG_8519.JPG, 2
IMG_5876.JPG, 8
IMG_5297.JPG, 1
IMG_2464.JPG, 9
IMG_2870.JPG, 2
IMG_6558.JPG, 1
IMG_6712.JPG, 2
IMG_8418.JPG, 0
IMG_7780.JPG, 2
IMG_7612.JPG, 9
IMG_7326.JPG, 7
IMG_8124.JPG, 3
PXL_20220309_221903080.jpg, 4
PXL_20220309_221516202.MP.jpg, 3
IMG_3034.JPG, 8
IMG_6828.JPG, 7
IMG_2788.JPG, 10
IMG_6358.JPG, 9
IMG_5136.JPG, 10
IMG_8918.JPG, 0
IMG_5813.JPG, 9
PXL_20220307_215602736.jpg, 6
PXL_20220310_224230578.MP.jpg, 1
IMG_5459.JPG, 9
PXL_20220309_222751307.jpg, 6
IMG_3363.JPG, 10
IMG_4775.JPG, 5
IMG_5346.JPG, 6
IMG_7476.JPG, 2
IMG_8135.JPG, 3
IMG_6493.JPG, 5
IMG_5341.JPG, 6
IMG_6384.JPG, 8
IMG_4554.JPG, 3
IMG_6896.JPG, 8
IMG_3647.JPG, 9
IMG_8290.JPG, 3
IMG_3173.JPG, 3
IMG_5843.JPG, 9
IMG_8085.JPG, 5
IMG_8420.JPG, 0
IMG_2449.JPG, 7
IMG_5810.JPG, 9
IMG_6025.JPG, 1
IMG_6350.JPG, 9
IMG_3234.JPG, 1
IMG_6742.JPG, 4
IMG_5896.JPG, 8
IMG_6512.JPG, 5
IMG_3405.JPG, 10
PXL_20220310_222010350.jpg, 5
IMG_7939.JPG, 4
IMG_7010.JPG, 3
IMG_4757.JPG, 5
IMG_7663.JPG, 8
IMG_3833.JPG, 3
IMG_3807.JPG, 3
IMG_6430.JPG, 3
PXL_20220309_221504769.jpg, 3
IMG_5933.JPG, 3
IMG_3823.JPG, 3
IMG_5452.JPG, 9
IMG_4012.JPG, 0
IMG_2993.JPG, 9
IMG_4988.JPG, 8
IMG_5119.JPG, 10
IMG_6479.JPG, 5
IMG_6652.JPG, 10
IMG_8402.JPG, 0
IMG_7003.JPG, 3
IMG_5545.JPG, 0
IMG_4822.JPG, 1
IMG_6696.JPG, 2
IMG_8080.JPG, 5
IMG_7124.JPG, 6
IMG_2815.JPG, 10
PXL_20220307_214844632.jpg, 4
IMG_6835.JPG, 9
IMG_6283.JPG, 7
IMG_8166.JPG, 3
IMG_8368.JPG, 4
IMG_6159.JPG, 2
IMG_5485.JPG, 7
IMG_5854.JPG, 8
IMG_6158.JPG, 2
IMG_6392.JPG, 8
PXL_20220309_222529007.MP.jpg, 10
IMG_6733.JPG, 4
IMG_8417.JPG, 0
IMG_6146.JPG, 10
IMG_4958.JPG, 8
PXL_20220309_221058493.jpg, 5
IMG_3035.JPG, 8
IMG_6992.JPG, 3
IMG_4868.JPG, 6
IMG_6535.JPG, 1
IMG_6907.JPG, 8
IMG_4878.JPG, 6
IMG_6838.JPG, 9
IMG_8474.JPG, 0
IMG_7365.JPG, 9
IMG_6723.JPG, 2
IMG_6668.JPG, 10
IMG_5907.JPG, 3
IMG_4924.JPG, 10
IMG_7778.JPG, 2
IMG_3949.JPG, 4
IMG_3451.JPG, 2
PXL_20220310_222426215.jpg, 9
IMG_7564.JPG, 0
IMG_6461.JPG, 3
IMG_7687.JPG, 1
IMG_5009.JPG, 1
IMG_4559.JPG, 3
IMG_6797.JPG, 7
IMG_7370.JPG, 9
IMG_2607.JPG, 3
IMG_7252.JPG, 4
IMG_5198.JPG, 8
IMG_6965.JPG, 5
IMG_5213.JPG, 8
IMG_8005.JPG, 5
IMG_8922.JPG, 0
IMG_6735.JPG, 4
IMG_4811.JPG, 1
PXL_20220307_214556575.jpg, 0
IMG_7285.JPG, 4
IMG_4548.JPG, 3
IMG_7445.JPG, 6
IMG_8171.JPG, 0
IMG_5235.JPG, 5
IMG_5051.JPG, 1
IMG_2627.JPG, 3
IMG_8444.JPG, 0
IMG_7309.JPG, 7
IMG_4901.JPG, 10
IMG_6888.JPG, 8
PXL_20220309_222120776.jpg, 0
IMG_3970.JPG, 4
IMG_2643.JPG, 1
IMG_5863.JPG, 8
PXL_20220309_221401307.jpg, 3
IMG_5538.JPG, 0
IMG_3901.JPG, 1
IMG_6352.JPG, 9
IMG_2441.JPG, 7
IMG_5901.JPG, 8
IMG_8313.JPG, 0
PXL_20220310_222354295.jpg, 3
IMG_3557.JPG, 4
PXL_20220310_223111511.MP.jpg, 4
IMG_6553.JPG, 1
IMG_7727.JPG, 10
IMG_3426.JPG, 10
IMG_5905.JPG, 3
PXL_20220309_222709943.jpg, 10
IMG_4522.JPG, 8
PXL_20220307_215616891.MP.jpg, 10
IMG_2549.JPG, 5
IMG_2560.JPG, 5
IMG_7226.JPG, 2
IMG_6595.JPG, 6
PXL_20220310_223400036.jpg, 10
IMG_6175.JPG, 2
IMG_4085.JPG, 7
IMG_3135.JPG, 3
IMG_8319.JPG, 0
IMG_3355.JPG, 6
IMG_3015.JPG, 9
IMG_7614.JPG, 9
IMG_6391.JPG, 8
IMG_8165.JPG, 3
IMG_4734.JPG, 9
IMG_3392.JPG, 10
IMG_6717.JPG, 2
IMG_8900.JPG, 0
IMG_4565.JPG, 3
IMG_7147.JPG, 10
IMG_3349.JPG, 6
IMG_2424.JPG, 7
IMG_3196.JPG, 5
IMG_3249.JPG, 1
IMG_7788.JPG, 2
IMG_5511.JPG, 7
IMG_8091.JPG, 5
IMG_2345.JPG, 4
IMG_6018.JPG, 1
IMG_6940.JPG, 5
IMG_7481.JPG, 2
IMG_8939.JPG, 0
IMG_6294.JPG, 7
IMG_3396.JPG, 10
IMG_7484.JPG, 2
IMG_6300.JPG, 7
IMG_3770.JPG, 8
IMG_6466.JPG, 3
IMG_6302.JPG, 7
IMG_6737.JPG, 4
IMG_7776.JPG, 2
IMG_8148.JPG, 3
IMG_8901.JPG, 0
IMG_3236.JPG, 1
IMG_7736.JPG, 10
IMG_4651.JPG, 7
IMG_5154.JPG, 10
IMG_2476.JPG, 9
IMG_3194.JPG, 5
IMG_4572.JPG, 3
IMG_7789.JPG, 2
IMG_7125.JPG, 6
IMG_3293.JPG, 6
IMG_6288.JPG, 7
IMG_7463.JPG, 2
IMG_7640.JPG, 8
PXL_20220309_221111040.jpg, 5
IMG_5394.JPG, 10
IMG_5080.JPG, 6
IMG_4711.JPG, 9
IMG_7302.JPG, 7
IMG_3287.JPG, 6
IMG_5441.JPG, 9
IMG_4039.JPG, 7
IMG_2610.JPG, 3
IMG_5761.JPG, 7
IMG_5274.JPG, 5
IMG_7619.JPG, 8
IMG_6739.JPG, 4
IMG_3882.JPG, 5
IMG_4018.JPG, 0
IMG_8893.JPG, 0
IMG_7431.JPG, 6
PXL_20220309_222445597.jpg, 10
IMG_4643.JPG, 7
IMG_5197.JPG, 8
IMG_5537.JPG, 0
IMG_6469.JPG, 3
IMG_3429.JPG, 10
IMG_3889.JPG, 1
IMG_3608.JPG, 7
IMG_6636.JPG, 10
IMG_2479.JPG, 9
PXL_20220307_214106761.jpg, 9
IMG_6789.JPG, 7
IMG_6573.JPG, 1
IMG_8527.JPG, 2
PXL_20220310_222747047.MP.jpg, 7
IMG_8191.JPG, 0
IMG_3431.JPG, 10
IMG_5894.JPG, 8
PXL_20220310_223925395.jpg, 2
IMG_5067.JPG, 6
IMG_6354.JPG, 9
IMG_3662.JPG, 9
IMG_6338.JPG, 9
IMG_6948.JPG, 5
IMG_7446.JPG, 6
IMG_3690.JPG, 9
IMG_2860.JPG, 2
IMG_4508.JPG, 8
IMG_3544.JPG, 4
IMG_3947.JPG, 4
IMG_2598.JPG, 3
IMG_8047.JPG, 2
IMG_4662.JPG, 7
IMG_5205.JPG, 8
IMG_5518.JPG, 7
IMG_3805.JPG, 3
IMG_3759.JPG, 8
IMG_6867.JPG, 9
IMG_8015.JPG, 5
IMG_3040.JPG, 8
IMG_8467.JPG, 0
IMG_8926.JPG, 0
IMG_2922.JPG, 4
PXL_20220309_221947427.jpg, 7
IMG_8002.JPG, 5
IMG_6323.JPG, 7
IMG_2707.JPG, 6
IMG_5987.JPG, 5
IMG_7187.JPG, 2
IMG_6627.JPG, 10
IMG_3871.JPG, 5
IMG_7761.JPG, 10
PXL_20220309_221305532.jpg, 8
IMG_2691.JPG, 6
IMG_3449.JPG, 2
PXL_20220309_222551701.jpg, 6
IMG_6778.JPG, 4
IMG_7929.JPG, 4
IMG_6465.JPG, 3
PXL_20220310_222611437.MP.jpg, 7
IMG_7914.JPG, 0
IMG_4961.JPG, 8
IMG_2658.JPG, 1
IMG_2483.JPG, 9
IMG_3223.JPG, 5
IMG_7264.JPG, 4
IMG_2832.JPG, 2
PXL_20220309_221854414.MP.jpg, 7
IMG_4702.JPG, 9
IMG_4913.JPG, 10
IMG_5985.JPG, 5
IMG_3931.JPG, 1
IMG_5814.JPG, 9
IMG_3493.JPG, 2
IMG_7921.JPG, 4
IMG_5852.JPG, 9
IMG_7348.JPG, 9
IMG_7407.JPG, 6
IMG_6041.JPG, 1
IMG_7812.JPG, 2
IMG_8239.JPG, 3
IMG_3773.JPG, 8
IMG_5145.JPG, 10
IMG_8935.JPG, 0
IMG_5873.JPG, 8
IMG_5492.JPG, 7
IMG_6067.JPG, 6
IMG_7215.JPG, 2
IMG_7327.JPG, 7
IMG_8142.JPG, 3
IMG_4940.JPG, 10
IMG_5530.JPG, 0
IMG_5964.JPG, 5
IMG_3922.JPG, 1
IMG_4780.JPG, 5
IMG_7061.JPG, 1
IMG_6440.JPG, 3
IMG_3880.JPG, 5
IMG_2983.JPG, 9
IMG_4491.JPG, 8
IMG_5900.JPG, 8
IMG_3067.JPG, 8
IMG_6912.JPG, 8
IMG_5763.JPG, 7
IMG_8162.JPG, 3
IMG_5916.JPG, 3
IMG_6096.JPG, 6
IMG_6906.JPG, 8
PXL_20220309_222200213.jpg, 0
IMG_6367.JPG, 9
IMG_7926.JPG, 4
IMG_6023.JPG, 1
IMG_6449.JPG, 3
IMG_7556.JPG, 0
IMG_2492.JPG, 9
IMG_3935.JPG, 4
IMG_3471.JPG, 2
IMG_7193.JPG, 2
IMG_3370.JPG, 10
IMG_4788.JPG, 5
IMG_7213.JPG, 2
IMG_3439.JPG, 2
IMG_3372.JPG, 10
IMG_2342.JPG, 4
IMG_4957.JPG, 8
IMG_2623.JPG, 3
IMG_7572.JPG, 9
IMG_8921.JPG, 0
IMG_6272.JPG, 4
IMG_6463.JPG, 3
IMG_7045.JPG, 1
IMG_7361.JPG, 9
IMG_8316.JPG, 0
IMG_7170.JPG, 10
IMG_8193.JPG, 0
IMG_4492.JPG, 8
IMG_3316.JPG, 6
IMG_3025.JPG, 8
IMG_3072.JPG, 8
IMG_5408.JPG, 10
IMG_4499.JPG, 8
IMG_8129.JPG, 3
IMG_6984.JPG, 3
IMG_6925.JPG, 8
IMG_2687.JPG, 6
IMG_2632.JPG, 1
IMG_7873.JPG, 0
IMG_2969.JPG, 7
IMG_7771.JPG, 2
IMG_6121.JPG, 10
IMG_2454.JPG, 9
IMG_3765.JPG, 8
IMG_2653.JPG, 1
IMG_2885.JPG, 4
IMG_7107.JPG, 6
IMG_8205.JPG, 0
IMG_5315.JPG, 1
IMG_4739.JPG, 9
IMG_8075.JPG, 5
IMG_3653.JPG, 9
IMG_3023.JPG, 8
IMG_6412.JPG, 8
IMG_7938.JPG, 4
IMG_3600.JPG, 7
IMG_3911.JPG, 1
IMG_8109.JPG, 5
IMG_4009.JPG, 0
IMG_4029.JPG, 0
IMG_7596.JPG, 9
IMG_2846.JPG, 2
IMG_2641.JPG, 1
IMG_7588.JPG, 9
IMG_2554.JPG, 5
IMG_3314.JPG, 6
IMG_6486.JPG, 5
IMG_8942.JPG, 0
IMG_6266.JPG, 4
IMG_2971.JPG, 7
IMG_3305.JPG, 6
IMG_3199.JPG, 5
IMG_5915.JPG, 3
PXL_20220309_222931828.MP.jpg, 2
IMG_2926.JPG, 7
IMG_5255.JPG, 5
IMG_8424.JPG, 0
IMG_5381.JPG, 10
IMG_5133.JPG, 10
IMG_8073.JPG, 5
PXL_20220309_221158559.MP.jpg, 8
IMG_3190.JPG, 5
IMG_6946.JPG, 5
IMG_5500.JPG, 7
IMG_7360.JPG, 9
IMG_3675.JPG, 9
IMG_7530.JPG, 0
IMG_8433.JPG, 0
IMG_2781.JPG, 10
PXL_20220310_222122742.MP.jpg, 8
PXL_20220307_214614134.jpg, 0
IMG_2671.JPG, 6
PXL_20220307_213933933.jpg, 3
IMG_8266.JPG, 3
IMG_5410.JPG, 10
PXL_20220307_213853173.MP.jpg, 8
IMG_7466.JPG, 2
IMG_6701.JPG, 2
IMG_3250.JPG, 1
PXL_20220309_223333967.jpg, 1
IMG_6318.JPG, 7
IMG_8395.JPG, 4
IMG_2392.JPG, 0
IMG_7554.JPG, 0
IMG_4815.JPG, 1
IMG_4646.JPG, 7
IMG_3298.JPG, 6
PXL_20220310_222234992.jpg, 8
IMG_4722.JPG, 9
IMG_5366.JPG, 6
IMG_4079.JPG, 7
IMG_7372.JPG, 9
PXL_20220307_215739217.jpg, 2
IMG_3231.JPG, 1
IMG_6020.JPG, 1
PXL_20220309_221835655.MP.jpg, 7
IMG_3777.JPG, 8
IMG_6556.JPG, 1
IMG_6448.JPG, 3
IMG_6390.JPG, 8
IMG_6872.JPG, 9
IMG_7979.JPG, 5
IMG_2651.JPG, 1
IMG_5936.JPG, 3
IMG_5795.JPG, 7
PXL_20220310_223806488.MP.jpg, 2
IMG_2365.JPG, 4
IMG_3465.JPG, 2
IMG_7639.JPG, 8
IMG_3441.JPG, 2
IMG_6137.JPG, 10
IMG_8499.JPG, 0
IMG_6694.JPG, 2
IMG_3291.JPG, 6
IMG_3812.JPG, 3
IMG_5949.JPG, 3
IMG_5839.JPG, 9
IMG_5342.JPG, 6
IMG_2421.JPG, 7
IMG_7207.JPG, 2
PXL_20220309_221937702.jpg, 4
IMG_4829.JPG, 1
IMG_5819.JPG, 9
IMG_8256.JPG, 3
IMG_7387.JPG, 9
IMG_6557.JPG, 1
IMG_3799.JPG, 3
IMG_8925.JPG, 0
IMG_4872.JPG, 6
PXL_20220310_222625298.jpg, 7
IMG_5354.JPG, 6
PXL_20220310_223502234.jpg, 10
IMG_3865.JPG, 5
IMG_5906.JPG, 3
PXL_20220309_221345627.MP.jpg, 8
PXL_20220310_222250892.jpg, 3
IMG_6956.JPG, 5
IMG_6582.JPG, 6
IMG_2952.JPG, 7
IMG_2861.JPG, 2
IMG_3295.JPG, 6
IMG_7393.JPG, 9
IMG_3907.JPG, 1
IMG_6429.JPG, 3
IMG_3356.JPG, 6
IMG_6662.JPG, 10
IMG_3261.JPG, 1
IMG_8509.JPG, 2
IMG_3932.JPG, 1
PXL_20220309_221524288.jpg, 3
IMG_5331.JPG, 6
IMG_7469.JPG, 2
IMG_5369.JPG, 6
IMG_3028.JPG, 8
IMG_6682.JPG, 2
IMG_5376.JPG, 10
IMG_6810.JPG, 7
IMG_6785.JPG, 7
IMG_6128.JPG, 10
IMG_5037.JPG, 1
PXL_20220310_224304223.MP.jpg, 1
IMG_6822.JPG, 7
IMG_7035.JPG, 1
IMG_8170.JPG, 3
IMG_6644.JPG, 10
IMG_6819.JPG, 7
IMG_5123.JPG, 10
IMG_8923.JPG, 0
IMG_7141.JPG, 10
IMG_3510.JPG, 2
IMG_7670.JPG, 1
PXL_20220309_222026205.MP.jpg, 0
IMG_6378.JPG, 8
IMG_6445.JPG, 3
IMG_6660.JPG, 10
IMG_4963.JPG, 8
IMG_6738.JPG, 4
IMG_5014.JPG, 1
IMG_5371.JPG, 6
PXL_20220310_223752365.MP.jpg, 2
IMG_2646.JPG, 1
IMG_5495.JPG, 7
IMG_3189.JPG, 5
IMG_4512.JPG, 8
IMG_2453.JPG, 9
IMG_4783.JPG, 5
IMG_3513.JPG, 2
IMG_4801.JPG, 1
IMG_3743.JPG, 8
IMG_3969.JPG, 4
IMG_8411.JPG, 0
IMG_2484.JPG, 9
IMG_3936.JPG, 4
IMG_2448.JPG, 7
IMG_2892.JPG, 4
IMG_8144.JPG, 3
IMG_4885.JPG, 6
IMG_3934.JPG, 1
IMG_6904.JPG, 8
IMG_3848.JPG, 5
IMG_7962.JPG, 4
IMG_4753.JPG, 5
IMG_5980.JPG, 5
IMG_4838.JPG, 1
IMG_5267.JPG, 5
IMG_3150.JPG, 3
IMG_6973.JPG, 5
IMG_7329.JPG, 7
IMG_6921.JPG, 8
IMG_2381.JPG, 0
IMG_2689.JPG, 6
IMG_5525.JPG, 7
IMG_6074.JPG, 6
IMG_4864.JPG, 6
IMG_4703.JPG, 9
IMG_6395.JPG, 8
IMG_3256.JPG, 1
IMG_7050.JPG, 1
IMG_3175.JPG, 5
IMG_4037.JPG, 7
IMG_6480.JPG, 5
IMG_6179.JPG, 2
IMG_6235.JPG, 4
IMG_7109.JPG, 6
IMG_4789.JPG, 5
IMG_4513.JPG, 8
IMG_3381.JPG, 10
IMG_3846.JPG, 5
IMG_8090.JPG, 5
IMG_5481.JPG, 7
IMG_7899.JPG, 0
IMG_7622.JPG, 8
IMG_8446.JPG, 0
IMG_3151.JPG, 3
IMG_7322.JPG, 7
IMG_5241.JPG, 5
IMG_3373.JPG, 10
IMG_3170.JPG, 3
IMG_5217.JPG, 8
IMG_7231.JPG, 2
IMG_4992.JPG, 8
IMG_3180.JPG, 5
IMG_8457.JPG, 0
IMG_5278.JPG, 1
IMG_7350.JPG, 9
IMG_2807.JPG, 10
IMG_5767.JPG, 7
IMG_7038.JPG, 1
IMG_5524.JPG, 7
IMG_5448.JPG, 9
IMG_3844.JPG, 5
IMG_8487.JPG, 0
IMG_2889.JPG, 4
IMG_5928.JPG, 3
PXL_20220310_222040884.jpg, 5
IMG_3457.JPG, 2
IMG_6858.JPG, 9
IMG_6080.JPG, 6
IMG_7630.JPG, 8
IMG_3776.JPG, 8
IMG_3208.JPG, 5
PXL_20220309_222846896.jpg, 2
PXL_20220309_222513716.MP.jpg, 6
PXL_20220309_222828177.jpg, 6
IMG_6707.JPG, 2
PXL_20220309_221011665.jpg, 5
IMG_5574.JPG, 0
IMG_2884.JPG, 4
IMG_7699.JPG, 1
IMG_5234.JPG, 5
IMG_6475.JPG, 3
IMG_3012.JPG, 9
IMG_7563.JPG, 0
IMG_7053.JPG, 1
PXL_20220307_214815501.jpg, 4
IMG_5807.JPG, 9
IMG_8334.JPG, 0
IMG_7183.JPG, 2
IMG_6438.JPG, 3
PXL_20220310_224118762.jpg, 1
IMG_5300.JPG, 1
IMG_3788.JPG, 3
IMG_6619.JPG, 6
IMG_3172.JPG, 3
IMG_6892.JPG, 8
IMG_4985.JPG, 8
IMG_8305.JPG, 0
IMG_7949.JPG, 4
IMG_7311.JPG, 7
PXL_20220309_222942416.jpg, 2
IMG_2967.JPG, 7
IMG_6525.JPG, 5
IMG_2344.JPG, 4
IMG_8066.JPG, 2
IMG_5762.JPG, 7
IMG_7474.JPG, 2
IMG_5357.JPG, 6
IMG_8038.JPG, 2
IMG_3435.JPG, 10
IMG_7190.JPG, 2
IMG_4934.JPG, 10
IMG_3749.JPG, 8
PXL_20220309_222809797.MP.jpg, 6
IMG_8513.JPG, 2
IMG_2912.JPG, 4
IMG_5429.JPG, 9
IMG_8143.JPG, 3
IMG_6320.JPG, 7
IMG_4891.JPG, 6
IMG_3480.JPG, 2
IMG_3056.JPG, 8
PXL_20220310_222333552.MP.jpg, 3
IMG_8046.JPG, 2
IMG_3149.JPG, 3
IMG_8213.JPG, 0
IMG_5512.JPG, 7
IMG_3541.JPG, 4
IMG_3614.JPG, 7
PXL_20220307_214625180.jpg, 0
IMG_7209.JPG, 2
IMG_3294.JPG, 6
IMG_7947.JPG, 4
IMG_6716.JPG, 2
IMG_4944.JPG, 10
IMG_2336.JPG, 4
PXL_20220307_213517478.jpg, 5
PXL_20220307_215225267.jpg, 1
PXL_20220307_215337288.jpg, 10
PXL_20220307_215334116.jpg, 6
IMG_4072.JPG, 7
PXL_20220307_214218883.jpg, 9
IMG_6165.JPG, 2
IMG_6817.JPG, 7
IMG_8291.JPG, 3
IMG_4795.JPG, 1
IMG_3214.JPG, 5
IMG_3409.JPG, 10
IMG_5109.JPG, 10
IMG_3665.JPG, 9
IMG_5966.JPG, 5
IMG_4881.JPG, 6
IMG_7487.JPG, 2
IMG_5143.JPG, 10
IMG_7634.JPG, 8
IMG_8172.JPG, 0
IMG_2410.JPG, 0
IMG_6899.JPG, 8
PXL_20220310_222249989.MP.jpg, 3
IMG_7782.JPG, 2
PXL_20220310_222033450.MP.jpg, 8
IMG_2897.JPG, 4
IMG_7923.JPG, 4
